Date,Price,Prediction
2011/01/03,2070.1,2070.1
2011/01/04,2085.1,2085.1
2011/01/05,2082.6,2082.6
2011/01/06,2077.6,2077.6
2011/01/07,2086.2,2086.2
2011/01/10,2080.8,2080.8
2011/01/11,2088.3,2088.3
2011/01/12,2095,2095
2011/01/13,2089.5,2089.5
2011/01/14,2108.2,2108.2
2011/01/17,2099.9,2099.9
2011/01/18,2096.5,2096.5
2011/01/19,2115.7,2115.7
2011/01/20,2106.7,2106.7
2011/01/21,2069.9,2069.9
2011/01/24,2082.2,2082.2
2011/01/25,2086.7,2086.7
2011/01/26,2110.5,2110.5
2011/01/27,2115,2115
2011/01/28,2107.9,2107.9
2011/01/31,2069.7,2069.7
2011/02/01,2072,2072
2011/02/07,2081.7,2081.7
2011/02/08,2069.7,2069.7
2011/02/09,2045.6,2045.6
2011/02/10,2008.5,2008.5
2011/02/11,1977.2,1977.2
2011/02/14,2014.6,2014.6
2011/02/15,2010.5,2010.5
2011/02/16,1989.1,1989.1
2011/02/17,1977.2,1977.2
2011/02/18,2013.1,2013.1
2011/02/21,2005.3,2005.3
2011/02/22,1969.9,1969.9
2011/02/23,1961.6,1961.6
2011/02/24,1949.9,1949.9
2011/02/25,1963.4,1963.4
2011/02/28,1939.3,1939.3
2011/03/02,1928.2,1928.2
2011/03/03,1970.7,1970.7
2011/03/04,2004.7,2004.7
2011/03/07,1980.3,1980.3
2011/03/08,1996.3,1996.3
2011/03/09,2001.5,2001.5
2011/03/10,1981.6,1981.6
2011/03/11,1955.5,1955.5
2011/03/14,1971.2,1971.2
2011/03/15,1923.9,1923.9
2011/03/16,1958,1958
2011/03/17,1959,1959
2011/03/18,1981.1,1981.1
2011/03/21,2003.4,2003.4
2011/03/22,2013.7,2013.7
2011/03/23,2012.2,2012.2
2011/03/24,2036.8,2036.8
2011/03/25,2054,2054
2011/03/28,2056.4,2056.4
2011/03/29,2072.1,2072.1
2011/03/30,2091.4,2091.4
2011/03/31,2106.7,2106.7
2011/04/01,2121,2121
2011/04/04,2115.9,2115.9
2011/04/05,2130.4,2130.4
2011/04/06,2126.7,2126.7
2011/04/07,2122.1,2122.1
2011/04/08,2128,2128
2011/04/11,2122.4,2122.4
2011/04/12,2089.4,2089.4
2011/04/13,2121.9,2121.9
2011/04/14,2141.1,2141.1
2011/04/15,2140.5,2140.5
2011/04/18,2137.7,2137.7
2011/04/19,2122.7,2122.7
2011/04/20,2169.9,2169.9
2011/04/21,2198.5,2198.5
2011/04/22,2197.8,2197.8
2011/04/25,2216,2216
2011/04/26,2206.3,2206.3
2011/04/27,2206.7,2206.7
2011/04/28,2208.4,2208.4
2011/04/29,2192.4,2192.4
2011/05/02,2229,2229
2011/05/03,2200.7,2200.7
2011/05/04,2180.6,2180.6
2011/05/06,2147.5,2147.5
2011/05/09,2139.2,2139.2
2011/05/11,2166.6,2166.6
2011/05/12,2122.7,2122.7
2011/05/13,2120.1,2120.1
2011/05/16,2104.2,2104.2
2011/05/17,2102.4,2102.4
2011/05/18,2135.8,2135.8
2011/05/19,2095.5,2095.5
2011/05/20,2111.5,2111.5
2011/05/23,2055.7,2055.7
2011/05/24,2061.8,2061.8
2011/05/25,2035.9,2035.9
2011/05/26,2091.9,2091.9
2011/05/27,2100.2,2100.2
2011/05/30,2093.8,2093.8
2011/05/31,2142.5,2142.5
2011/06/01,2141.3,2141.3
2011/06/02,2114.2,2114.2
2011/06/03,2113.5,2113.5
2011/06/07,2099.7,2099.7
2011/06/08,2083.4,2083.4
2011/06/09,2071.4,2071.4
2011/06/10,2046.7,2046.7
2011/06/13,2048.7,2048.7
2011/06/14,2076.8,2076.8
2011/06/15,2086.5,2086.5
2011/06/16,2046.6,2046.6
2011/06/17,2031.9,2031.9
2011/06/20,2019.7,2019.7
2011/06/21,2048.2,2048.2
2011/06/22,2063.9,2063.9
2011/06/23,2055.9,2055.9
2011/06/24,2090.8,2090.8
2011/06/27,2070.3,2070.3
2011/06/28,2062.9,2062.9
2011/06/29,2094.4,2094.4
2011/06/30,2100.7,2100.7
2011/07/01,2125.7,2125.7
2011/07/04,2145.3,2145.3
2011/07/05,2161.8,2161.8
2011/07/06,2171.2,2171.2
2011/07/07,2180.6,2180.6
2011/07/08,2180.4,2180.4
2011/07/11,2157.2,2157.2
2011/07/12,2109.7,2109.7
2011/07/13,2129.6,2129.6
2011/07/14,2130.1,2130.1
2011/07/15,2145.2,2145.2
2011/07/18,2130.5,2130.5
2011/07/19,2130.2,2130.2
2011/07/20,2155,2155
2011/07/21,2145,2145
2011/07/22,2171.2,2171.2
2011/07/25,2150.5,2150.5
2011/07/26,2168.7,2168.7
2011/07/27,2174.3,2174.3
2011/07/28,2155.9,2155.9
2011/07/29,2133.2,2133.2
2011/08/01,2172.3,2172.3
2011/08/02,2121.3,2121.3
2011/08/03,2066.3,2066.3
2011/08/04,2018.5,2018.5
2011/08/05,1943.8,1943.8
2011/08/08,1869.5,1869.5
2011/08/09,1801.4,1801.4
2011/08/10,1806.2,1806.2
2011/08/11,1817.4,1817.4
2011/08/12,1793.3,1793.3
2011/08/16,1879.9,1879.9
2011/08/17,1892.7,1892.7
2011/08/18,1860.6,1860.6
2011/08/19,1744.9,1744.9
2011/08/22,1710.7,1710.7
2011/08/23,1776.7,1776.7
2011/08/24,1754.8,1754.8
2011/08/25,1764.6,1764.6
2011/08/26,1779,1779
2011/08/29,1829.5,1829.5
2011/08/30,1843.8,1843.8
2011/08/31,1880.1,1880.1
2011/09/01,1880.7,1880.7
2011/09/02,1867.8,1867.8
2011/09/05,1785.8,1785.8
2011/09/06,1766.7,1766.7
2011/09/07,1833.5,1833.5
2011/09/08,1846.6,1846.6
2011/09/09,1812.9,1812.9
2011/09/14,1749.2,1749.2
2011/09/15,1774.1,1774.1
2011/09/16,1840.1,1840.1
2011/09/19,1820.9,1820.9
2011/09/20,1838,1838
2011/09/21,1854.3,1854.3
2011/09/22,1800.6,1800.6
2011/09/23,1697.4,1697.4
2011/09/26,1652.7,1652.7
2011/09/27,1735.7,1735.7
2011/09/28,1723.1,1723.1
2011/09/29,1769.3,1769.3
2011/09/30,1769.7,1769.7
2011/10/04,1706.2,1706.2
2011/10/05,1666.5,1666.5
2011/10/06,1710.3,1710.3
2011/10/07,1759.8,1759.8
2011/10/10,1766.4,1766.4
2011/10/11,1795,1795
2011/10/12,1809.5,1809.5
2011/10/13,1823.1,1823.1
2011/10/14,1835.4,1835.4
2011/10/17,1865.2,1865.2
2011/10/18,1838.9,1838.9
2011/10/19,1855.9,1855.9
2011/10/20,1805.1,1805.1
2011/10/21,1838.4,1838.4
2011/10/24,1898.3,1898.3
2011/10/25,1888.7,1888.7
2011/10/26,1894.3,1894.3
2011/10/27,1922,1922
2011/10/28,1929.5,1929.5
2011/10/31,1909,1909
2011/11/01,1909.6,1909.6
2011/11/02,1898,1898
2011/11/03,1870,1870
2011/11/04,1928.4,1928.4
2011/11/07,1919.1,1919.1
2011/11/08,1903.1,1903.1
2011/11/09,1907.5,1907.5
2011/11/10,1813.3,1813.3
2011/11/11,1863.5,1863.5
2011/11/14,1902.8,1902.8
2011/11/15,1886.1,1886.1
2011/11/16,1856.1,1856.1
2011/11/17,1876.7,1876.7
2011/11/18,1839.2,1839.2
2011/11/21,1820,1820
2011/11/22,1826.3,1826.3
2011/11/23,1783.1,1783.1
2011/11/24,1795.1,1795.1
2011/11/25,1776.4,1776.4
2011/11/28,1815.3,1815.3
2011/11/29,1856.5,1856.5
2011/11/30,1847.5,1847.5
2011/12/01,1916.2,1916.2
2011/12/02,1916,1916
2011/12/05,1922.9,1922.9
2011/12/06,1902.8,1902.8
2011/12/07,1919.4,1919.4
2011/12/08,1912.4,1912.4
2011/12/09,1874.8,1874.8
2011/12/12,1899.8,1899.8
2011/12/13,1864.1,1864.1
2011/12/14,1857.8,1857.8
2011/12/15,1819.1,1819.1
2011/12/16,1840,1840
2011/12/19,1776.9,1776.9
2011/12/20,1793.1,1793.1
2011/12/21,1848.4,1848.4
2011/12/22,1847.5,1847.5
2011/12/23,1867.2,1867.2
2011/12/26,1856.7,1856.7
2011/12/27,1842,1842
2011/12/28,1825.1,1825.1
2011/12/29,1825.7,1825.7
2012/01/02,1826.4,1826.4
2012/01/03,1875.4,1875.4
2012/01/04,1866.2,1866.2
2012/01/05,1863.7,1863.7
2012/01/06,1843.1,1843.1
2012/01/09,1826.5,1826.5
2012/01/10,1853.2,1853.2
2012/01/11,1845.6,1845.6
2012/01/12,1864.6,1864.6
2012/01/13,1875.7,1875.7
2012/01/16,1859.3,1859.3
2012/01/17,1892.7,1892.7
2012/01/18,1892.4,1892.4
2012/01/19,1915,1915
2012/01/20,1949.9,1949.9
2012/01/25,1952.2,1952.2
2012/01/26,1957.2,1957.2
2012/01/27,1964.8,1964.8
2012/01/30,1940.6,1940.6
2012/01/31,1955.8,1955.8
2012/02/01,1959.2,1959.2
2012/02/02,1984.3,1984.3
2012/02/03,1972.3,1972.3
2012/02/06,1973.1,1973.1
2012/02/07,1981.6,1981.6
2012/02/08,2003.7,2003.7
2012/02/09,2014.6,2014.6
2012/02/10,1993.7,1993.7
2012/02/13,2005.7,2005.7
2012/02/14,2002.6,2002.6
2012/02/15,2025.3,2025.3
2012/02/16,1997.5,1997.5
2012/02/17,2023.5,2023.5
2012/02/20,2024.9,2024.9
2012/02/21,2024.2,2024.2
2012/02/22,2028.7,2028.7
2012/02/23,2007.8,2007.8
2012/02/24,2019.9,2019.9
2012/02/27,1991.2,1991.2
2012/02/28,2003.7,2003.7
2012/02/29,2030.3,2030.3
2012/03/02,2034.6,2034.6
2012/03/05,2016.1,2016.1
2012/03/06,2000.4,2000.4
2012/03/07,1982.2,1982.2
2012/03/08,2000.8,2000.8
2012/03/09,2018.3,2018.3
2012/03/12,2002.5,2002.5
2012/03/13,2025,2025
2012/03/14,2045.1,2045.1
2012/03/15,2043.8,2043.8
2012/03/16,2034.4,2034.4
2012/03/19,2047,2047
2012/03/20,2042.2,2042.2
2012/03/21,2027.2,2027.2
2012/03/22,2026.1,2026.1
2012/03/23,2026.8,2026.8
2012/03/26,2019.2,2019.2
2012/03/27,2039.8,2039.8
2012/03/28,2031.7,2031.7
2012/03/29,2014.4,2014.4
2012/03/30,2014,2014
2012/04/02,2029.3,2029.3
2012/04/03,2049.3,2049.3
2012/04/04,2018.6,2018.6
2012/04/05,2028.8,2028.8
2012/04/06,2029,2029
2012/04/09,1997.1,1997.1
2012/04/10,1994.4,1994.4
2012/04/12,1986.6,1986.6
2012/04/13,2008.9,2008.9
2012/04/16,1992.6,1992.6
2012/04/17,1985.3,1985.3
2012/04/18,2004.5,2004.5
2012/04/19,1999.9,1999.9
2012/04/20,1974.7,1974.7
2012/04/23,1972.6,1972.6
2012/04/24,1963.4,1963.4
2012/04/25,1962,1962
2012/04/26,1964,1964
2012/04/27,1975.4,1975.4
2012/04/30,1982,1982
2012/05/02,1999.1,1999.1
2012/05/03,1995.1,1995.1
2012/05/04,1989.2,1989.2
2012/05/07,1956.4,1956.4
2012/05/08,1967,1967
2012/05/09,1950.3,1950.3
2012/05/10,1944.9,1944.9
2012/05/11,1917.1,1917.1
2012/05/14,1913.7,1913.7
2012/05/15,1899,1899
2012/05/16,1840.5,1840.5
2012/05/17,1845.2,1845.2
2012/05/18,1782.5,1782.5
2012/05/21,1799.1,1799.1
2012/05/22,1828.7,1828.7
2012/05/23,1808.6,1808.6
2012/05/24,1814.5,1814.5
2012/05/25,1824.2,1824.2
2012/05/29,1849.9,1849.9
2012/05/30,1844.9,1844.9
2012/05/31,1843.5,1843.5
2012/06/01,1834.5,1834.5
2012/06/04,1783.1,1783.1
2012/06/05,1801.9,1801.9
2012/06/07,1848,1848
2012/06/08,1835.6,1835.6
2012/06/11,1867,1867
2012/06/12,1854.7,1854.7
2012/06/13,1859.3,1859.3
2012/06/14,1871.5,1871.5
2012/06/15,1858.2,1858.2
2012/06/18,1891.7,1891.7
2012/06/19,1891.8,1891.8
2012/06/20,1904.1,1904.1
2012/06/21,1889.2,1889.2
2012/06/22,1847.4,1847.4
2012/06/25,1825.4,1825.4
2012/06/26,1817.8,1817.8
2012/06/27,1817.7,1817.7
2012/06/28,1819.2,1819.2
2012/06/29,1854,1854
2012/07/02,1851.7,1851.7
2012/07/03,1867.8,1867.8
2012/07/04,1874.5,1874.5
2012/07/05,1875.5,1875.5
2012/07/06,1858.2,1858.2
2012/07/09,1836.1,1836.1
2012/07/10,1829.5,1829.5
2012/07/11,1826.4,1826.4
2012/07/12,1785.4,1785.4
2012/07/13,1812.9,1812.9
2012/07/16,1817.8,1817.8
2012/07/17,1822,1822
2012/07/18,1794.9,1794.9
2012/07/19,1823,1823
2012/07/20,1822.9,1822.9
2012/07/23,1789.4,1789.4
2012/07/24,1793.9,1793.9
2012/07/25,1769.3,1769.3
2012/07/26,1782.5,1782.5
2012/07/27,1829.2,1829.2
2012/07/30,1843.8,1843.8
2012/07/31,1882,1882
2012/08/01,1879.9,1879.9
2012/08/02,1869.4,1869.4
2012/08/03,1848.7,1848.7
2012/08/06,1885.9,1885.9
2012/08/07,1886.8,1886.8
2012/08/08,1903.2,1903.2
2012/08/09,1940.6,1940.6
2012/08/10,1946.4,1946.4
2012/08/13,1932.4,1932.4
2012/08/14,1957,1957
2012/08/16,1957.9,1957.9
2012/08/17,1946.5,1946.5
2012/08/20,1946.3,1946.3
2012/08/21,1943.2,1943.2
2012/08/22,1935.2,1935.2
2012/08/23,1942.5,1942.5
2012/08/24,1919.8,1919.8
2012/08/27,1917.9,1917.9
2012/08/28,1916.3,1916.3
2012/08/29,1928.5,1928.5
2012/08/30,1906.4,1906.4
2012/08/31,1905.1,1905.1
2012/09/03,1912.7,1912.7
2012/09/04,1907.1,1907.1
2012/09/05,1874,1874
2012/09/06,1881.2,1881.2
2012/09/07,1929.6,1929.6
2012/09/10,1924.7,1924.7
2012/09/11,1920,1920
2012/09/12,1950,1950
2012/09/13,1950.7,1950.7
2012/09/14,2007.6,2007.6
2012/09/17,2002.4,2002.4
2012/09/18,2005,2005
2012/09/19,2007.9,2007.9
2012/09/20,1990.3,1990.3
2012/09/21,2002.4,2002.4
2012/09/24,2003.4,2003.4
2012/09/25,1991.4,1991.4
2012/09/26,1980.4,1980.4
2012/09/27,1988.7,1988.7
2012/09/28,1996.2,1996.2
2012/10/02,1996,1996
2012/10/04,1992.7,1992.7
2012/10/05,1995.2,1995.2
2012/10/08,1981.9,1981.9
2012/10/09,1979,1979
2012/10/10,1948.2,1948.2
2012/10/11,1933.1,1933.1
2012/10/12,1933.3,1933.3
2012/10/15,1925.6,1925.6
2012/10/16,1941.5,1941.5
2012/10/17,1955.2,1955.2
2012/10/18,1959.1,1959.1
2012/10/19,1943.8,1943.8
2012/10/22,1941.6,1941.6
2012/10/23,1926.8,1926.8
2012/10/24,1914,1914
2012/10/25,1924.5,1924.5
2012/10/26,1891.4,1891.4
2012/10/29,1891.5,1891.5
2012/10/30,1899.6,1899.6
2012/10/31,1912.1,1912.1
2012/11/01,1898.4,1898.4
2012/11/02,1918.7,1918.7
2012/11/05,1908.2,1908.2
2012/11/06,1928.2,1928.2
2012/11/07,1937.6,1937.6
2012/11/08,1914.4,1914.4
2012/11/09,1904.4,1904.4
2012/11/12,1900.9,1900.9
2012/11/13,1889.7,1889.7
2012/11/14,1894,1894
2012/11/15,1870.7,1870.7
2012/11/16,1860.8,1860.8
2012/11/19,1878.1,1878.1
2012/11/20,1890.2,1890.2
2012/11/21,1884,1884
2012/11/22,1899.5,1899.5
2012/11/23,1911.3,1911.3
2012/11/26,1908.5,1908.5
2012/11/27,1925.2,1925.2
2012/11/28,1912.8,1912.8
2012/11/29,1934.9,1934.9
2012/11/30,1932.9,1932.9
2012/12/03,1940,1940
2012/12/04,1935.2,1935.2
2012/12/05,1947,1947
2012/12/06,1949.6,1949.6
2012/12/07,1957.5,1957.5
2012/12/10,1957.4,1957.4
2012/12/11,1964.6,1964.6
2012/12/12,1975.4,1975.4
2012/12/13,2002.8,2002.8
2012/12/14,1995,1995
2012/12/17,1983.1,1983.1
2012/12/18,1993.1,1993.1
2012/12/20,1999.5,1999.5
2012/12/21,1980.4,1980.4
2012/12/24,1981.8,1981.8
2012/12/26,1982.3,1982.3
2012/12/27,1987.4,1987.4
2012/12/28,1997.1,1997.1
2013/01/02,2031.1,2031.1
2013/01/03,2019.4,2019.4
2013/01/04,2011.9,2011.9
2013/01/07,2011.3,2011.3
2013/01/08,1997.9,1997.9
2013/01/09,1991.8,1991.8
2013/01/10,2006.8,2006.8
2013/01/11,1996.7,1996.7
2013/01/14,2007,2007
2013/01/15,1983.7,1983.7
2013/01/16,1977.5,1977.5
2013/01/17,1974.3,1974.3
2013/01/18,1987.9,1987.9
2013/01/21,1986.9,1986.9
2013/01/22,1996.5,1996.5
2013/01/23,1980.4,1980.4
2013/01/24,1964.5,1964.5
2013/01/25,1946.7,1946.7
2013/01/28,1939.7,1939.7
2013/01/29,1956,1956
2013/01/30,1964.4,1964.4
2013/01/31,1961.9,1961.9
2013/02/01,1957.8,1957.8
2013/02/04,1953.2,1953.2
2013/02/05,1938.2,1938.2
2013/02/06,1936.2,1936.2
2013/02/07,1931.8,1931.8
2013/02/08,1950.9,1950.9
2013/02/12,1945.8,1945.8
2013/02/13,1976.1,1976.1
2013/02/14,1979.6,1979.6
2013/02/15,1981.2,1981.2
2013/02/18,1981.9,1981.9
2013/02/19,1985.8,1985.8
2013/02/20,2024.6,2024.6
2013/02/21,2015.2,2015.2
2013/02/22,2018.9,2018.9
2013/02/25,2009.5,2009.5
2013/02/26,2000,2000
2013/02/27,2004,2004
2013/02/28,2026.5,2026.5
2013/03/04,2013.2,2013.2
2013/03/05,2016.6,2016.6
2013/03/06,2020.7,2020.7
2013/03/07,2004.4,2004.4
2013/03/08,2006,2006
2013/03/11,2003.4,2003.4
2013/03/12,1993.3,1993.3
2013/03/13,1999.7,1999.7
2013/03/14,2002.1,2002.1
2013/03/15,1986.5,1986.5
2013/03/18,1968.2,1968.2
2013/03/19,1978.6,1978.6
2013/03/20,1959.4,1959.4
2013/03/21,1950.8,1950.8
2013/03/22,1948.7,1948.7
2013/03/25,1977.7,1977.7
2013/03/26,1983.7,1983.7
2013/03/27,1993.4,1993.4
2013/03/28,1993.5,1993.5
2013/03/29,2004.9,2004.9
2013/04/01,1996,1996
2013/04/02,1986.2,1986.2
2013/04/03,1983.2,1983.2
2013/04/04,1959.5,1959.5
2013/04/05,1927.2,1927.2
2013/04/08,1918.7,1918.7
2013/04/09,1920.7,1920.7
2013/04/10,1935.6,1935.6
2013/04/11,1949.8,1949.8
2013/04/12,1924.2,1924.2
2013/04/15,1920.5,1920.5
2013/04/16,1922.2,1922.2
2013/04/17,1923.8,1923.8
2013/04/18,1900.1,1900.1
2013/04/19,1906.8,1906.8
2013/04/22,1926.3,1926.3
2013/04/23,1918.6,1918.6
2013/04/24,1935.3,1935.3
2013/04/25,1951.6,1951.6
2013/04/26,1944.6,1944.6
2013/04/29,1940.7,1940.7
2013/04/30,1964,1964
2013/05/02,1957.2,1957.2
2013/05/03,1965.7,1965.7
2013/05/06,1961.5,1961.5
2013/05/07,1954.4,1954.4
2013/05/08,1956.5,1956.5
2013/05/09,1979.5,1979.5
2013/05/10,1944.8,1944.8
2013/05/13,1948.7,1948.7
2013/05/14,1968.8,1968.8
2013/05/15,1971.3,1971.3
2013/05/16,1986.8,1986.8
2013/05/20,1982.4,1982.4
2013/05/21,1981.1,1981.1
2013/05/22,1993.8,1993.8
2013/05/23,1969.2,1969.2
2013/05/24,1973.5,1973.5
2013/05/27,1980,1980
2013/05/28,1986.2,1986.2
2013/05/29,2001.2,2001.2
2013/05/30,2000.1,2000.1
2013/05/31,2001.1,2001.1
2013/06/03,1989.6,1989.6
2013/06/04,1989.5,1989.5
2013/06/05,1959.2,1959.2
2013/06/07,1923.9,1923.9
2013/06/10,1932.7,1932.7
2013/06/11,1920.7,1920.7
2013/06/12,1909.9,1909.9
2013/06/13,1882.7,1882.7
2013/06/14,1889.2,1889.2
2013/06/17,1883.1,1883.1
2013/06/18,1900.6,1900.6
2013/06/19,1888.3,1888.3
2013/06/20,1850.5,1850.5
2013/06/21,1822.8,1822.8
2013/06/24,1799,1799
2013/06/25,1780.6,1780.6
2013/06/26,1783.5,1783.5
2013/06/27,1834.7,1834.7
2013/06/28,1863.3,1863.3
2013/07/01,1855.7,1855.7
2013/07/02,1855,1855
2013/07/03,1824.7,1824.7
2013/07/04,1839.1,1839.1
2013/07/05,1833.3,1833.3
2013/07/08,1816.9,1816.9
2013/07/09,1830.4,1830.4
2013/07/10,1824.2,1824.2
2013/07/11,1877.6,1877.6
2013/07/12,1870,1870
2013/07/15,1875.2,1875.2
2013/07/16,1866.4,1866.4
2013/07/17,1887.5,1887.5
2013/07/18,1875.5,1875.5
2013/07/19,1871.4,1871.4
2013/07/22,1880.4,1880.4
2013/07/23,1904.2,1904.2
2013/07/24,1912.1,1912.1
2013/07/25,1909.6,1909.6
2013/07/26,1910.8,1910.8
2013/07/29,1899.9,1899.9
2013/07/30,1917.1,1917.1
2013/07/31,1914,1914
2013/08/01,1920.7,1920.7
2013/08/02,1923.4,1923.4
2013/08/05,1916.2,1916.2
2013/08/06,1906.6,1906.6
2013/08/07,1878.3,1878.3
2013/08/08,1884,1884
2013/08/09,1880.7,1880.7
2013/08/12,1884.8,1884.8
2013/08/13,1913,1913
2013/08/14,1923.9,1923.9
2013/08/16,1920.1,1920.1
2013/08/19,1917.6,1917.6
2013/08/20,1887.9,1887.9
2013/08/21,1867.5,1867.5
2013/08/22,1849.1,1849.1
2013/08/23,1870.2,1870.2
2013/08/26,1887.9,1887.9
2013/08/27,1885.8,1885.8
2013/08/28,1884.5,1884.5
2013/08/29,1907.5,1907.5
2013/08/30,1926.4,1926.4
2013/09/02,1924.8,1924.8
2013/09/03,1933.7,1933.7
2013/09/04,1933,1933
2013/09/05,1951.7,1951.7
2013/09/06,1955.3,1955.3
2013/09/09,1974.7,1974.7
2013/09/10,1994.1,1994.1
2013/09/11,2003.9,2003.9
2013/09/12,2004.1,2004.1
2013/09/13,1994.3,1994.3
2013/09/16,2013.4,2013.4
2013/09/17,2005.6,2005.6
2013/09/23,2009.4,2009.4
2013/09/24,2007.1,2007.1
2013/09/25,1998.1,1998.1
2013/09/26,2007.3,2007.3
2013/09/27,2011.8,2011.8
2013/09/30,1997,1997
2013/10/01,1998.9,1998.9
2013/10/02,1999.5,1999.5
2013/10/04,1997,1997
2013/10/07,1994.4,1994.4
2013/10/08,2002.8,2002.8
2013/10/10,2001.4,2001.4
2013/10/11,2024.9,2024.9
2013/10/14,2020.3,2020.3
2013/10/15,2041,2041
2013/10/16,2034.6,2034.6
2013/10/17,2040.6,2040.6
2013/10/18,2052.4,2052.4
2013/10/21,2053,2053
2013/10/22,2056.1,2056.1
2013/10/23,2035.8,2035.8
2013/10/24,2046.7,2046.7
2013/10/25,2034.4,2034.4
2013/10/28,2048.1,2048.1
2013/10/29,2051.8,2051.8
2013/10/30,2059.6,2059.6
2013/10/31,2030.1,2030.1
2013/11/01,2039.4,2039.4
2013/11/04,2025.2,2025.2
2013/11/05,2013.9,2013.9
2013/11/06,2013.7,2013.7
2013/11/07,2004,2004
2013/11/08,1984.9,1984.9
2013/11/11,1977.3,1977.3
2013/11/12,1995.5,1995.5
2013/11/13,1963.6,1963.6
2013/11/14,1967.6,1967.6
2013/11/15,2005.6,2005.6
2013/11/18,2010.8,2010.8
2013/11/19,2031.6,2031.6
2013/11/20,2017.2,2017.2
2013/11/21,1993.8,1993.8
2013/11/22,2006.2,2006.2
2013/11/25,2016,2016
2013/11/26,2022.6,2022.6
2013/11/27,2028.8,2028.8
2013/11/28,2045.8,2045.8
2013/11/29,2044.9,2044.9
2013/12/02,2030.8,2030.8
2013/12/03,2009.4,2009.4
2013/12/04,1986.8,1986.8
2013/12/05,1984.8,1984.8
2013/12/06,1980.4,1980.4
2013/12/09,2000.4,2000.4
2013/12/10,1993.5,1993.5
2013/12/11,1978,1978
2013/12/12,1967.9,1967.9
2013/12/13,1962.9,1962.9
2013/12/16,1961.2,1961.2
2013/12/17,1965.7,1965.7
2013/12/18,1974.6,1974.6
2013/12/19,1975.7,1975.7
2013/12/20,1983.4,1983.4
2013/12/23,1996.9,1996.9
2013/12/24,2001.6,2001.6
2013/12/26,1999.3,1999.3
2013/12/27,2002.3,2002.3
2013/12/30,2011.3,2011.3
2013/12/31,2011.3,2011.3
2014/01/02,1967.2,1967.2
2014/01/03,1946.1,1946.1
2014/01/06,1953.3,1953.3
2014/01/07,1959.4,1959.4
2014/01/08,1959,1959
2014/01/09,1946.1,1946.1
2014/01/10,1938.5,1938.5
2014/01/13,1948.9,1948.9
2014/01/14,1946.1,1946.1
2014/01/15,1953.3,1953.3
2014/01/16,1957.3,1957.3
2014/01/17,1944.5,1944.5
2014/01/20,1953.8,1953.8
2014/01/21,1963.9,1963.9
2014/01/22,1970.4,1970.4
2014/01/23,1947.6,1947.6
2014/01/24,1940.6,1940.6
2014/01/27,1910.3,1910.3
2014/01/28,1916.9,1916.9
2014/01/29,1941.2,1941.2
2014/02/03,1920,1920
2014/02/04,1886.9,1886.9
2014/02/05,1891.3,1891.3
2014/02/06,1907.9,1907.9
2014/02/07,1922.5,1922.5
2014/02/10,1923.3,1923.3
2014/02/11,1932.1,1932.1
2014/02/12,1935.8,1935.8
2014/02/13,1927,1927
2014/02/14,1940.3,1940.3
2014/02/17,1946.4,1946.4
2014/02/18,1946.9,1946.9
2014/02/19,1942.9,1942.9
2014/02/20,1930.6,1930.6
2014/02/21,1957.8,1957.8
2014/02/24,1949.1,1949.1
2014/02/25,1964.9,1964.9
2014/02/26,1970.8,1970.8
2014/02/27,1978.4,1978.4
2014/02/28,1980,1980
2014/03/03,1964.7,1964.7
2014/03/04,1954.1,1954.1
2014/03/05,1971.2,1971.2
2014/03/06,1975.6,1975.6
2014/03/07,1974.7,1974.7
2014/03/10,1954.4,1954.4
2014/03/11,1963.9,1963.9
2014/03/12,1932.5,1932.5
2014/03/13,1934.4,1934.4
2014/03/14,1919.9,1919.9
2014/03/17,1927.5,1927.5
2014/03/18,1940.2,1940.2
2014/03/19,1937.7,1937.7
2014/03/20,1919.5,1919.5
2014/03/21,1934.9,1934.9
2014/03/24,1945.6,1945.6
2014/03/25,1941.3,1941.3
2014/03/26,1964.3,1964.3
2014/03/27,1978,1978
2014/03/28,1981,1981
2014/03/31,1985.6,1985.6
2014/04/01,1992,1992
2014/04/02,1997.3,1997.3
2014/04/03,1993.7,1993.7
2014/04/04,1988.1,1988.1
2014/04/07,1989.7,1989.7
2014/04/08,1993,1993
2014/04/09,1999,1999
2014/04/10,2008.6,2008.6
2014/04/11,1997.4,1997.4
2014/04/14,1997,1997
2014/04/15,1992.3,1992.3
2014/04/16,1992.2,1992.2
2014/04/17,1992.1,1992.1
2014/04/18,2004.3,2004.3
2014/04/21,1999.2,1999.2
2014/04/22,2004.2,2004.2
2014/04/23,2000.4,2000.4
2014/04/24,1998.3,1998.3
2014/04/25,1971.7,1971.7
2014/04/28,1969.3,1969.3
2014/04/29,1964.8,1964.8
2014/04/30,1961.8,1961.8
2014/05/02,1959.4,1959.4
2014/05/07,1939.9,1939.9
2014/05/08,1950.6,1950.6
2014/05/09,1956.6,1956.6
2014/05/12,1964.9,1964.9
2014/05/13,1982.9,1982.9
2014/05/14,2010.8,2010.8
2014/05/15,2010.2,2010.2
2014/05/16,2013.4,2013.4
2014/05/19,2015.1,2015.1
2014/05/20,2011.3,2011.3
2014/05/21,2008.3,2008.3
2014/05/22,2015.6,2015.6
2014/05/23,2017.2,2017.2
2014/05/26,2010.4,2010.4
2014/05/27,1997.6,1997.6
2014/05/28,2017.1,2017.1
2014/05/29,2012.3,2012.3
2014/05/30,1995,1995
2014/06/02,2002,2002
2014/06/03,2008.6,2008.6
2014/06/05,1995.5,1995.5
2014/06/09,1990,1990
2014/06/10,2011.8,2011.8
2014/06/11,2014.7,2014.7
2014/06/12,2011.7,2011.7
2014/06/13,1990.9,1990.9
2014/06/16,1993.6,1993.6
2014/06/17,2001.6,2001.6
2014/06/18,1989.5,1989.5
2014/06/19,1992,1992
2014/06/20,1968.1,1968.1
2014/06/23,1974.9,1974.9
2014/06/24,1994.4,1994.4
2014/06/25,1981.8,1981.8
2014/06/26,1995.1,1995.1
2014/06/27,1988.5,1988.5
2014/06/30,2002.2,2002.2
2014/07/01,1999,1999
2014/07/02,2015.3,2015.3
2014/07/03,2011,2011
2014/07/04,2009.7,2009.7
2014/07/07,2005.1,2005.1
2014/07/08,2006.7,2006.7
2014/07/09,2000.5,2000.5
2014/07/10,2002.8,2002.8
2014/07/11,1988.7,1988.7
2014/07/14,1993.9,1993.9
2014/07/15,2012.7,2012.7
2014/07/16,2013.5,2013.5
2014/07/17,2020.9,2020.9
2014/07/18,2019.4,2019.4
2014/07/21,2018.5,2018.5
2014/07/22,2028.9,2028.9
2014/07/23,2028.3,2028.3
2014/07/24,2026.6,2026.6
2014/07/25,2033.9,2033.9
2014/07/28,2048.8,2048.8
2014/07/29,2062,2062
2014/07/30,2082.6,2082.6
2014/07/31,2076.1,2076.1
2014/08/01,2073.1,2073.1
2014/08/04,2080.4,2080.4
2014/08/05,2066.3,2066.3
2014/08/06,2060.7,2060.7
2014/08/07,2054.5,2054.5
2014/08/08,2031.1,2031.1
2014/08/11,2039.4,2039.4
2014/08/12,2041.5,2041.5
2014/08/13,2062.4,2062.4
2014/08/14,2063.2,2063.2
2014/08/18,2053.1,2053.1
2014/08/19,2071.1,2071.1
2014/08/20,2072.8,2072.8
2014/08/21,2044.2,2044.2
2014/08/22,2056.7,2056.7
2014/08/25,2060.9,2060.9
2014/08/26,2068.1,2068.1
2014/08/27,2074.9,2074.9
2014/08/28,2075.8,2075.8
2014/08/29,2068.5,2068.5
2014/09/01,2067.9,2067.9
2014/09/02,2051.6,2051.6
2014/09/03,2051.2,2051.2
2014/09/04,2056.3,2056.3
2014/09/05,2049.4,2049.4
2014/09/11,2034.2,2034.2
2014/09/12,2041.9,2041.9
2014/09/15,2035.8,2035.8
2014/09/16,2042.9,2042.9
2014/09/17,2062.6,2062.6
2014/09/18,2047.7,2047.7
2014/09/19,2053.8,2053.8
2014/09/22,2039.3,2039.3
2014/09/23,2028.9,2028.9
2014/09/24,2035.6,2035.6
2014/09/25,2034.1,2034.1
2014/09/26,2031.6,2031.6
2014/09/29,2026.6,2026.6
2014/09/30,2020.1,2020.1
2014/10/01,1991.5,1991.5
2014/10/02,1976.2,1976.2
2014/10/06,1968.4,1968.4
2014/10/07,1972.9,1972.9
2014/10/08,1965.3,1965.3
2014/10/10,1940.9,1940.9
2014/10/13,1927.2,1927.2
2014/10/14,1929.3,1929.3
2014/10/15,1925.9,1925.9
2014/10/16,1918.8,1918.8
2014/10/17,1900.7,1900.7
2014/10/20,1930.1,1930.1
2014/10/21,1915.3,1915.3
2014/10/22,1937,1937
2014/10/23,1931.7,1931.7
2014/10/24,1925.7,1925.7
2014/10/27,1932,1932
2014/10/28,1925.7,1925.7
2014/10/29,1961.2,1961.2
2014/10/30,1958.9,1958.9
2014/10/31,1964.4,1964.4
2014/11/03,1953,1953
2014/11/04,1935.2,1935.2
2014/11/05,1931.4,1931.4
2014/11/06,1936.5,1936.5
2014/11/07,1939.9,1939.9
2014/11/10,1958.2,1958.2
2014/11/11,1963,1963
2014/11/12,1967.3,1967.3
2014/11/13,1960.5,1960.5
2014/11/14,1945.1,1945.1
2014/11/17,1943.6,1943.6
2014/11/18,1967,1967
2014/11/19,1966.9,1966.9
2014/11/20,1958,1958
2014/11/21,1964.8,1964.8
2014/11/24,1978.5,1978.5
2014/11/25,1980.2,1980.2
2014/11/26,1980.8,1980.8
2014/11/27,1982.1,1982.1
2014/11/28,1980.8,1980.8
2014/12/01,1965.2,1965.2
2014/12/02,1965.8,1965.8
2014/12/03,1969.9,1969.9
2014/12/04,1986.6,1986.6
2014/12/05,1986.6,1986.6
2014/12/08,1979,1979
2014/12/09,1971,1971
2014/12/10,1945.6,1945.6
2014/12/11,1916.6,1916.6
2014/12/12,1921.7,1921.7
2014/12/15,1920.4,1920.4
2014/12/16,1904.1,1904.1
2014/12/17,1900.2,1900.2
2014/12/18,1897.5,1897.5
2014/12/19,1930,1930
2014/12/22,1943.1,1943.1
2014/12/23,1939,1939
2014/12/24,1946.6,1946.6
2014/12/26,1948.2,1948.2
2014/12/29,1927.9,1927.9
2014/12/30,1915.6,1915.6
2015/01/02,1926.4,1926.4
2015/01/05,1915.8,1915.8
2015/01/06,1882.5,1882.5
2015/01/07,1883.8,1883.8
2015/01/08,1904.7,1904.7
2015/01/09,1924.7,1924.7
2015/01/12,1921,1921
2015/01/13,1917.1,1917.1
2015/01/14,1913.7,1913.7
2015/01/15,1914.1,1914.1
2015/01/16,1888.1,1888.1
2015/01/19,1902.6,1902.6
2015/01/20,1918.3,1918.3
2015/01/21,1921.2,1921.2
2015/01/22,1920.8,1920.8
2015/01/23,1936.1,1936.1
2015/01/26,1935.7,1935.7
2015/01/27,1952.4,1952.4
2015/01/28,1961.6,1961.6
2015/01/29,1951,1951
2015/01/30,1949.3,1949.3
2015/02/02,1952.7,1952.7
2015/02/03,1952,1952
2015/02/04,1962.8,1962.8
2015/02/05,1952.8,1952.8
2015/02/06,1955.5,1955.5
2015/02/09,1947,1947
2015/02/10,1935.9,1935.9
2015/02/11,1945.7,1945.7
2015/02/12,1941.6,1941.6
2015/02/13,1957.5,1957.5
2015/02/16,1958.2,1958.2
2015/02/17,1961.5,1961.5
2015/02/23,1968.4,1968.4
2015/02/24,1976.1,1976.1
2015/02/25,1990.5,1990.5
2015/02/26,1993.1,1993.1
2015/02/27,1985.8,1985.8
2015/03/02,1996.8,1996.8
2015/03/03,2001.4,2001.4
2015/03/04,1998.3,1998.3
2015/03/05,1998.4,1998.4
2015/03/06,2012.9,2012.9
2015/03/09,1992.8,1992.8
2015/03/10,1984.8,1984.8
2015/03/11,1980.8,1980.8
2015/03/12,1970.6,1970.6
2015/03/13,1985.8,1985.8
2015/03/16,1987.3,1987.3
2015/03/17,2029.9,2029.9
2015/03/18,2028.5,2028.5
2015/03/19,2037.9,2037.9
2015/03/20,2037.2,2037.2
2015/03/23,2036.6,2036.6
2015/03/24,2041.4,2041.4
2015/03/25,2042.8,2042.8
2015/03/26,2022.6,2022.6
2015/03/27,2019.8,2019.8
2015/03/30,2030,2030
2015/03/31,2041,2041
2015/04/01,2028.5,2028.5
2015/04/02,2029.1,2029.1
2015/04/03,2045.4,2045.4
2015/04/06,2046.4,2046.4
2015/04/07,2047,2047
2015/04/08,2059.3,2059.3
2015/04/09,2058.9,2058.9
2015/04/10,2087.8,2087.8
2015/04/13,2098.9,2098.9
2015/04/14,2111.7,2111.7
2015/04/15,2120,2120
2015/04/16,2139.9,2139.9
2015/04/17,2143.5,2143.5
2015/04/20,2146.7,2146.7
2015/04/21,2144.8,2144.8
2015/04/22,2143.9,2143.9
2015/04/23,2173.4,2173.4
2015/04/24,2159.8,2159.8
2015/04/27,2157.5,2157.5
2015/04/28,2147.7,2147.7
2015/04/29,2142.6,2142.6
2015/04/30,2127.2,2127.2
2015/05/04,2132.2,2132.2
2015/05/06,2104.6,2104.6
2015/05/07,2091,2091
2015/05/08,2085.5,2085.5
2015/05/11,2097.4,2097.4
2015/05/12,2096.8,2096.8
2015/05/13,2114.2,2114.2
2015/05/14,2120.3,2120.3
2015/05/15,2106.5,2106.5
2015/05/18,2113.7,2113.7
2015/05/19,2120.9,2120.9
2015/05/20,2139.5,2139.5
2015/05/21,2122.8,2122.8
2015/05/22,2146.1,2146.1
2015/05/26,2143.5,2143.5
2015/05/27,2107.5,2107.5
2015/05/28,2110.9,2110.9
2015/05/29,2114.8,2114.8
2015/06/01,2102.4,2102.4
2015/06/02,2078.6,2078.6
2015/06/03,2063.2,2063.2
2015/06/04,2072.9,2072.9
2015/06/05,2068.1,2068.1
2015/06/08,2065.2,2065.2
2015/06/09,2064,2064
2015/06/10,2051.3,2051.3
2015/06/11,2056.6,2056.6
2015/06/12,2052.2,2052.2
2015/06/15,2042.3,2042.3
2015/06/16,2028.7,2028.7
2015/06/17,2034.9,2034.9
2015/06/18,2041.9,2041.9
2015/06/19,2047,2047
2015/06/22,2055.2,2055.2
2015/06/23,2081.2,2081.2
2015/06/24,2085.5,2085.5
2015/06/25,2085.1,2085.1
2015/06/26,2090.3,2090.3
2015/06/29,2060.5,2060.5
2015/06/30,2074.2,2074.2
2015/07/01,2097.9,2097.9
2015/07/02,2107.3,2107.3
2015/07/03,2104.4,2104.4
2015/07/06,2053.9,2053.9
2015/07/07,2040.3,2040.3
2015/07/08,2016.2,2016.2
2015/07/09,2027.8,2027.8
2015/07/10,2031.2,2031.2
2015/07/13,2061.5,2061.5
2015/07/14,2059.2,2059.2
2015/07/15,2072.9,2072.9
2015/07/16,2087.9,2087.9
2015/07/17,2076.8,2076.8
2015/07/20,2073.3,2073.3
2015/07/21,2083.6,2083.6
2015/07/22,2064.7,2064.7
2015/07/23,2065.1,2065.1
2015/07/24,2046,2046
2015/07/27,2038.8,2038.8
2015/07/28,2039.1,2039.1
2015/07/29,2037.6,2037.6
2015/07/30,2019,2019
2015/07/31,2030.2,2030.2
2015/08/03,2008.5,2008.5
2015/08/04,2028,2028
2015/08/05,2029.8,2029.8
2015/08/06,2013.3,2013.3
2015/08/07,2010.2,2010.2
2015/08/10,2003.2,2003.2
2015/08/11,1986.7,1986.7
2015/08/12,1975.5,1975.5
2015/08/13,1983.5,1983.5
2015/08/17,1968.5,1968.5
2015/08/18,1956.3,1956.3
2015/08/19,1939.4,1939.4
2015/08/20,1914.6,1914.6
2015/08/21,1876.1,1876.1
2015/08/24,1829.8,1829.8
2015/08/25,1846.6,1846.6
2015/08/26,1894.1,1894.1
2015/08/27,1908,1908
2015/08/28,1937.7,1937.7
2015/08/31,1941.5,1941.5
2015/09/01,1914.2,1914.2
2015/09/02,1915.2,1915.2
2015/09/03,1915.5,1915.5
2015/09/04,1886,1886
2015/09/07,1883.2,1883.2
2015/09/08,1878.7,1878.7
2015/09/09,1934.2,1934.2
2015/09/10,1962.1,1962.1
2015/09/11,1941.4,1941.4
2015/09/14,1931.5,1931.5
2015/09/15,1937.6,1937.6
2015/09/16,1975.5,1975.5
2015/09/17,1976.5,1976.5
2015/09/18,1996,1996
2015/09/21,1964.7,1964.7
2015/09/22,1982.1,1982.1
2015/09/23,1944.6,1944.6
2015/09/24,1947.1,1947.1
2015/09/25,1942.9,1942.9
2015/09/30,1962.8,1962.8
2015/10/01,1979.3,1979.3
2015/10/02,1969.7,1969.7
2015/10/05,1978.3,1978.3
2015/10/06,1990.7,1990.7
2015/10/07,2005.8,2005.8
2015/10/08,2019.5,2019.5
2015/10/12,2021.6,2021.6
2015/10/13,2019.1,2019.1
2015/10/14,2009.6,2009.6
2015/10/15,2033.3,2033.3
2015/10/16,2030.3,2030.3
2015/10/19,2030.3,2030.3
2015/10/20,2039.4,2039.4
2015/10/21,2043,2043
2015/10/22,2023,2023
2015/10/23,2040.4,2040.4
2015/10/26,2048.1,2048.1
2015/10/27,2044.7,2044.7
2015/10/28,2042.5,2042.5
2015/10/29,2034.2,2034.2
2015/10/30,2029.5,2029.5
2015/11/02,2035.2,2035.2
2015/11/03,2048.4,2048.4
2015/11/04,2052.8,2052.8
2015/11/05,2049.4,2049.4
2015/11/06,2041.1,2041.1
2015/11/09,2025.7,2025.7
2015/11/10,1996.6,1996.6
2015/11/11,1997.3,1997.3
2015/11/12,1993.4,1993.4
2015/11/13,1973.3,1973.3
2015/11/16,1943,1943
2015/11/17,1963.6,1963.6
2015/11/18,1962.9,1962.9
2015/11/19,1988.9,1988.9
2015/11/20,1989.9,1989.9
2015/11/23,2003.7,2003.7
2015/11/24,2016.3,2016.3
2015/11/25,2009.4,2009.4
2015/11/26,2030.7,2030.7
2015/11/27,2029,2029
2015/11/30,1992,1992
2015/12/01,2023.9,2023.9
2015/12/02,2009.3,2009.3
2015/12/03,1994.1,1994.1
2015/12/04,1974.4,1974.4
2015/12/07,1963.7,1963.7
2015/12/08,1949,1949
2015/12/09,1948.2,1948.2
2015/12/10,1952.1,1952.1
2015/12/11,1948.6,1948.6
2015/12/14,1927.8,1927.8
2015/12/15,1933,1933
2015/12/16,1969.4,1969.4
2015/12/17,1978,1978
2015/12/18,1975.3,1975.3
2015/12/21,1981.2,1981.2
2015/12/22,1992.6,1992.6
2015/12/23,1999.2,1999.2
2015/12/24,1990.7,1990.7
2015/12/28,1964.1,1964.1
2015/12/29,1966.3,1966.3
2015/12/30,1961.3,1961.3
2016/01/04,1918.8,1918.8
2016/01/05,1930.5,1930.5
2016/01/06,1925.4,1925.4
2016/01/07,1904.3,1904.3
2016/01/08,1917.6,1917.6
2016/01/11,1894.8,1894.8
2016/01/12,1890.9,1890.9
2016/01/13,1916.3,1916.3
2016/01/14,1900,1900
2016/01/15,1878.9,1878.9
2016/01/18,1878.5,1878.5
2016/01/19,1889.6,1889.6
2016/01/20,1845.5,1845.5
2016/01/21,1840.5,1840.5
2016/01/22,1879.4,1879.4
2016/01/25,1893.4,1893.4
2016/01/26,1871.7,1871.7
2016/01/27,1897.9,1897.9
2016/01/28,1906.9,1906.9
2016/01/29,1912.1,1912.1
2016/02/01,1924.8,1924.8
2016/02/02,1906.6,1906.6
2016/02/03,1890.7,1890.7
2016/02/04,1916.3,1916.3
2016/02/05,1917.8,1917.8
2016/02/11,1861.5,1861.5
2016/02/12,1835.3,1835.3
2016/02/15,1862.2,1862.2
2016/02/16,1888.3,1888.3
2016/02/17,1883.9,1883.9
2016/02/18,1908.8,1908.8
2016/02/19,1916.2,1916.2
2016/02/22,1916.4,1916.4
2016/02/23,1914.2,1914.2
2016/02/24,1912.5,1912.5
2016/02/25,1918.6,1918.6
2016/02/26,1920.2,1920.2
2016/02/29,1916.7,1916.7
2016/03/02,1947.4,1947.4
2016/03/03,1958.2,1958.2
2016/03/04,1955.6,1955.6
2016/03/07,1957.9,1957.9
2016/03/08,1946.1,1946.1
2016/03/09,1953,1953
2016/03/10,1969.3,1969.3
2016/03/11,1971.4,1971.4
2016/03/14,1972.3,1972.3
2016/03/15,1970,1970
2016/03/16,1974.9,1974.9
2016/03/17,1988,1988
2016/03/18,1992.1,1992.1
2016/03/21,1989.8,1989.8
2016/03/22,1996.8,1996.8
2016/03/23,1995.1,1995.1
2016/03/24,1986,1986
2016/03/25,1983.8,1983.8
2016/03/28,1982.5,1982.5
2016/03/29,1994.9,1994.9
2016/03/30,2002.1,2002.1
2016/03/31,1995.9,1995.9
2016/04/01,1973.6,1973.6
2016/04/04,1979,1979
2016/04/05,1962.7,1962.7
2016/04/06,1971.3,1971.3
2016/04/07,1973.9,1973.9
2016/04/08,1972.1,1972.1
2016/04/11,1970.4,1970.4
2016/04/12,1981.3,1981.3
2016/04/14,2015.9,2015.9
2016/04/15,2014.7,2014.7
2016/04/18,2009.1,2009.1
2016/04/19,2011.4,2011.4
2016/04/20,2005.8,2005.8
2016/04/21,2022.1,2022.1
2016/04/22,2015.5,2015.5
2016/04/25,2014.6,2014.6
2016/04/26,2019.6,2019.6
2016/04/27,2015.4,2015.4
2016/04/28,2000.9,2000.9
2016/04/29,1994.2,1994.2
2016/05/02,1978.2,1978.2
2016/05/03,1986.4,1986.4
2016/05/04,1976.7,1976.7
2016/05/09,1967.8,1967.8
2016/05/10,1982.5,1982.5
2016/05/11,1980.1,1980.1
2016/05/12,1977.5,1977.5
2016/05/13,1967,1967
2016/05/16,1967.9,1967.9
2016/05/17,1968.1,1968.1
2016/05/18,1956.7,1956.7
2016/05/19,1946.8,1946.8
2016/05/20,1947.7,1947.7
2016/05/23,1955.3,1955.3
2016/05/24,1937.7,1937.7
2016/05/25,1960.5,1960.5
2016/05/26,1957.1,1957.1
2016/05/27,1969.2,1969.2
2016/05/30,1967.1,1967.1
2016/05/31,1983.4,1983.4
2016/06/01,1982.7,1982.7
2016/06/02,1985.1,1985.1
2016/06/03,1985.8,1985.8
2016/06/07,2011.6,2011.6
2016/06/08,2027.1,2027.1
2016/06/09,2024.2,2024.2
2016/06/10,2017.6,2017.6
2016/06/13,1979.1,1979.1
2016/06/14,1972,1972
2016/06/15,1968.8,1968.8
2016/06/16,1952,1952
2016/06/17,1953.4,1953.4
2016/06/20,1981.1,1981.1
2016/06/21,1982.7,1982.7
2016/06/22,1992.6,1992.6
2016/06/23,1986.7,1986.7
2016/06/24,1925.2,1925.2
2016/06/27,1926.9,1926.9
2016/06/28,1936.2,1936.2
2016/06/29,1956.4,1956.4
2016/06/30,1970.4,1970.4
2016/07/01,1987.3,1987.3
2016/07/04,1995.3,1995.3
2016/07/05,1989.9,1989.9
2016/07/06,1953.1,1953.1
2016/07/07,1974.1,1974.1
2016/07/08,1963.1,1963.1
2016/07/11,1988.5,1988.5
2016/07/12,1991.2,1991.2
2016/07/13,2005.6,2005.6
2016/07/14,2008.8,2008.8
2016/07/15,2017.3,2017.3
2016/07/18,2021.1,2021.1
2016/07/19,2016.9,2016.9
2016/07/20,2015.5,2015.5
2016/07/21,2012.2,2012.2
2016/07/22,2010.3,2010.3
2016/07/25,2012.3,2012.3
2016/07/26,2027.3,2027.3
2016/07/27,2025.1,2025.1
2016/07/28,2021.1,2021.1
2016/07/29,2016.2,2016.2
2016/08/01,2029.6,2029.6
2016/08/02,2019,2019
2016/08/03,1994.8,1994.8
2016/08/04,2000,2000
2016/08/05,2017.9,2017.9
2016/08/08,2031.1,2031.1
2016/08/09,2043.8,2043.8
2016/08/10,2044.6,2044.6
2016/08/11,2048.8,2048.8
2016/08/12,2050.5,2050.5
2016/08/16,2047.8,2047.8
2016/08/17,2043.8,2043.8
2016/08/18,2055.5,2055.5
2016/08/19,2056.2,2056.2
2016/08/22,2042.2,2042.2
2016/08/23,2049.9,2049.9
2016/08/24,2043.8,2043.8
2016/08/25,2042.9,2042.9
2016/08/26,2037.5,2037.5
2016/08/29,2032.4,2032.4
2016/08/30,2039.7,2039.7
2016/08/31,2034.7,2034.7
2016/09/01,2032.7,2032.7
2016/09/02,2038.3,2038.3
2016/09/05,2060.1,2060.1
2016/09/06,2066.5,2066.5
2016/09/07,2061.9,2061.9
2016/09/08,2063.7,2063.7
2016/09/09,2037.9,2037.9
2016/09/12,1991.5,1991.5
2016/09/13,1999.4,1999.4
2016/09/19,2015.8,2015.8
2016/09/20,2025.7,2025.7
2016/09/21,2036,2036
2016/09/22,2049.7,2049.7
2016/09/23,2054.1,2054.1
2016/09/26,2047.1,2047.1
2016/09/27,2062.8,2062.8
2016/09/28,2053.1,2053.1
2016/09/29,2068.7,2068.7
2016/09/30,2043.6,2043.6
2016/10/04,2054.9,2054.9
2016/10/05,2053,2053
2016/10/06,2065.3,2065.3
2016/10/07,2053.8,2053.8
2016/10/10,2056.8,2056.8
2016/10/11,2031.9,2031.9
2016/10/12,2033.7,2033.7
2016/10/13,2015.4,2015.4
2016/10/14,2022.7,2022.7
2016/10/17,2027.6,2027.6
2016/10/18,2040.4,2040.4
2016/10/19,2040.9,2040.9
2016/10/20,2040.6,2040.6
2016/10/21,2033,2033
2016/10/24,2047.7,2047.7
2016/10/25,2037.2,2037.2
2016/10/26,2013.9,2013.9
2016/10/27,2024.1,2024.1
2016/10/28,2019.4,2019.4
2016/10/31,2008.2,2008.2
2016/11/01,2007.4,2007.4
2016/11/02,1978.9,1978.9
2016/11/03,1983.8,1983.8
2016/11/04,1982,1982
2016/11/07,1997.6,1997.6
2016/11/08,2003.4,2003.4
2016/11/09,1958.4,1958.4
2016/11/10,2002.6,2002.6
2016/11/11,1984.4,1984.4
2016/11/14,1974.4,1974.4
2016/11/15,1967.5,1967.5
2016/11/16,1979.7,1979.7
2016/11/17,1980.6,1980.6
2016/11/18,1974.6,1974.6
2016/11/21,1966.1,1966.1
2016/11/22,1983.5,1983.5
2016/11/23,1988,1988
2016/11/24,1971.3,1971.3
2016/11/25,1974.5,1974.5
2016/11/28,1978.1,1978.1
2016/11/29,1978.4,1978.4
2016/11/30,1983.5,1983.5
2016/12/01,1983.8,1983.8
2016/12/02,1970.6,1970.6
2016/12/05,1963.4,1963.4
2016/12/06,1989.9,1989.9
2016/12/07,1991.9,1991.9
2016/12/08,2031.1,2031.1
2016/12/09,2024.7,2024.7
2016/12/12,2027.2,2027.2
2016/12/13,2036,2036
2016/12/14,2036.9,2036.9
2016/12/15,2036.7,2036.7
2016/12/16,2042.2,2042.2
2016/12/19,2038.4,2038.4
2016/12/20,2041.9,2041.9
2016/12/21,2038,2038
2016/12/22,2035.7,2035.7
2016/12/23,2035.9,2035.9
2016/12/26,2037.8,2037.8
2016/12/27,2042.2,2042.2
2016/12/28,2024.5,2024.5
2016/12/29,2026.5,2026.5
2017/01/02,2026.2,2026.2
2017/01/03,2044,2044
2017/01/04,2045.6,2045.6
2017/01/05,2042,2042
2017/01/06,2049.1,2049.1
2017/01/09,2048.8,2048.8
2017/01/10,2045.1,2045.1
2017/01/11,2075.2,2075.2
2017/01/12,2087.1,2087.1
2017/01/13,2076.8,2076.8
2017/01/16,2064.2,2064.2
2017/01/17,2071.9,2071.9
2017/01/18,2070.5,2070.5
2017/01/19,2072.8,2072.8
2017/01/20,2065.6,2065.6
2017/01/23,2066,2066
2017/01/24,2065.8,2065.8
2017/01/25,2066.9,2066.9
2017/01/26,2083.6,2083.6
2017/01/31,2067.6,2067.6
2017/02/01,2080.5,2080.5
2017/02/02,2071,2071
2017/02/03,2073.2,2073.2
2017/02/06,2077.7,2077.7
2017/02/07,2075.2,2075.2
2017/02/08,2065.1,2065.1
2017/02/09,2065.9,2065.9
2017/02/10,2075.1,2075.1
2017/02/13,2078.7,2078.7
2017/02/14,2074.6,2074.6
2017/02/15,2083.9,2083.9
2017/02/16,2081.8,2081.8
2017/02/17,2080.6,2080.6
2017/02/20,2084.4,2084.4
2017/02/21,2102.9,2102.9
2017/02/22,2106.6,2106.6
2017/02/23,2107.6,2107.6
2017/02/24,2094.1,2094.1
2017/02/27,2085.5,2085.5
2017/02/28,2091.6,2091.6
2017/03/02,2102.7,2102.7
2017/03/03,2078.8,2078.8
2017/03/06,2081.4,2081.4
2017/03/07,2094.1,2094.1
2017/03/08,2095.4,2095.4
2017/03/09,2091.1,2091.1
2017/03/10,2097.4,2097.4
2017/03/13,2117.6,2117.6
2017/03/14,2133.8,2133.8
2017/03/15,2133,2133
2017/03/16,2150.1,2150.1
2017/03/17,2164.6,2164.6
2017/03/20,2157,2157
2017/03/21,2178.4,2178.4
2017/03/22,2168.3,2168.3
2017/03/23,2172.7,2172.7
2017/03/24,2169,2169
2017/03/27,2155.7,2155.7
2017/03/28,2163.3,2163.3
2017/03/29,2167,2167
2017/03/30,2164.6,2164.6
2017/03/31,2160.2,2160.2
2017/04/03,2167.5,2167.5
2017/04/04,2161.1,2161.1
2017/04/05,2160.9,2160.9
2017/04/06,2152.8,2152.8
2017/04/07,2151.7,2151.7
2017/04/10,2133.3,2133.3
2017/04/11,2123.9,2123.9
2017/04/12,2128.9,2128.9
2017/04/13,2148.6,2148.6
2017/04/14,2134.9,2134.9
2017/04/17,2145.8,2145.8
2017/04/18,2148.5,2148.5
2017/04/19,2138.4,2138.4
2017/04/20,2149.2,2149.2
2017/04/21,2165,2165
2017/04/24,2173.7,2173.7
2017/04/25,2196.9,2196.9
2017/04/26,2207.8,2207.8
2017/04/27,2209.5,2209.5
2017/04/28,2205.4,2205.4
2017/05/02,2219.7,2219.7
2017/05/04,2241.2,2241.2
2017/05/08,2292.8,2292.8
2017/05/10,2270.1,2270.1
2017/05/11,2296.4,2296.4
2017/05/12,2286,2286
2017/05/15,2290.7,2290.7
2017/05/16,2295.3,2295.3
2017/05/17,2293.1,2293.1
2017/05/18,2286.8,2286.8
2017/05/19,2288.5,2288.5
2017/05/22,2304,2304
2017/05/23,2311.7,2311.7
2017/05/24,2317.3,2317.3
2017/05/25,2342.9,2342.9
2017/05/26,2355.3,2355.3
2017/05/29,2353,2353
2017/05/30,2343.7,2343.7
2017/05/31,2347.4,2347.4
2017/06/01,2344.6,2344.6
2017/06/02,2371.7,2371.7
2017/06/05,2368.6,2368.6
2017/06/07,2360.1,2360.1
2017/06/08,2363.6,2363.6
2017/06/09,2381.7,2381.7
2017/06/12,2357.9,2357.9
2017/06/13,2374.7,2374.7
2017/06/14,2372.6,2372.6
2017/06/15,2361.7,2361.7
2017/06/16,2361.8,2361.8
2017/06/19,2370.9,2370.9
2017/06/20,2369.2,2369.2
2017/06/21,2357.5,2357.5
2017/06/22,2370.4,2370.4
2017/06/23,2378.6,2378.6
2017/06/26,2388.7,2388.7
2017/06/27,2392,2392
2017/06/28,2382.6,2382.6
2017/06/29,2395.7,2395.7
2017/06/30,2391.8,2391.8
2017/07/03,2394.5,2394.5
2017/07/04,2380.5,2380.5
2017/07/05,2388.4,2388.4
2017/07/06,2387.8,2387.8
2017/07/07,2379.9,2379.9
2017/07/10,2382.1,2382.1
2017/07/11,2396,2396
2017/07/12,2391.8,2391.8
2017/07/13,2409.5,2409.5
2017/07/14,2414.6,2414.6
2017/07/17,2425.1,2425.1
2017/07/18,2426,2426
2017/07/19,2429.9,2429.9
2017/07/20,2441.8,2441.8
2017/07/21,2450.1,2450.1
2017/07/24,2451.5,2451.5
2017/07/25,2439.9,2439.9
2017/07/26,2434.5,2434.5
2017/07/27,2443.2,2443.2
2017/07/28,2401,2401
2017/07/31,2402.7,2402.7
2017/08/01,2423,2423
2017/08/02,2427.6,2427.6
2017/08/03,2386.9,2386.9
2017/08/04,2395.5,2395.5
2017/08/07,2398.8,2398.8
2017/08/08,2394.7,2394.7
2017/08/09,2368.4,2368.4
2017/08/10,2359.5,2359.5
2017/08/11,2319.7,2319.7
2017/08/14,2334.2,2334.2
2017/08/16,2348.3,2348.3
2017/08/17,2361.7,2361.7
2017/08/18,2358.4,2358.4
2017/08/21,2355,2355
2017/08/22,2365.3,2365.3
2017/08/23,2366.4,2366.4
2017/08/24,2375.8,2375.8
2017/08/25,2378.5,2378.5
2017/08/28,2370.3,2370.3
2017/08/29,2364.7,2364.7
2017/08/30,2372.3,2372.3
2017/08/31,2363.2,2363.2
2017/09/01,2357.7,2357.7
2017/09/04,2329.7,2329.7
2017/09/05,2326.6,2326.6
2017/09/06,2319.8,2319.8
2017/09/07,2346.2,2346.2
2017/09/08,2343.7,2343.7
2017/09/11,2359.1,2359.1
2017/09/12,2365.5,2365.5
2017/09/13,2360.2,2360.2
2017/09/14,2377.7,2377.7
2017/09/15,2386.1,2386.1
2017/09/18,2418.2,2418.2
2017/09/19,2416.1,2416.1
2017/09/20,2412.2,2412.2
2017/09/21,2406.5,2406.5
2017/09/22,2388.7,2388.7
2017/09/25,2380.4,2380.4
2017/09/26,2374.3,2374.3
2017/09/27,2372.6,2372.6
2017/09/28,2373.1,2373.1
2017/09/29,2394.5,2394.5
2017/10/10,2433.8,2433.8
2017/10/11,2458.2,2458.2
2017/10/12,2474.8,2474.8
2017/10/13,2473.6,2473.6
2017/10/16,2480.1,2480.1
2017/10/17,2484.4,2484.4
2017/10/18,2482.9,2482.9
2017/10/19,2473.1,2473.1
2017/10/20,2489.5,2489.5
2017/10/23,2490.1,2490.1
2017/10/24,2490.5,2490.5
2017/10/25,2492.5,2492.5
2017/10/26,2480.6,2480.6
2017/10/27,2496.6,2496.6
2017/10/30,2501.9,2501.9
2017/10/31,2523.4,2523.4
2017/11/01,2556.5,2556.5
2017/11/02,2546.4,2546.4
2017/11/03,2558,2558
2017/11/06,2549.4,2549.4
2017/11/07,2545.4,2545.4
2017/11/08,2552.4,2552.4
2017/11/09,2550.6,2550.6
2017/11/10,2543,2543
2017/11/13,2530.4,2530.4
2017/11/14,2526.6,2526.6
2017/11/15,2518.3,2518.3
2017/11/16,2534.8,2534.8
2017/11/17,2534,2534
2017/11/20,2527.7,2527.7
2017/11/21,2530.7,2530.7
2017/11/22,2540.5,2540.5
2017/11/23,2537.2,2537.2
2017/11/24,2544.3,2544.3
2017/11/27,2507.8,2507.8
2017/11/28,2514.2,2514.2
2017/11/29,2512.9,2512.9
2017/11/30,2476.4,2476.4
2017/12/01,2475.4,2475.4
2017/12/04,2501.7,2501.7
2017/12/05,2510.1,2510.1
2017/12/06,2474.4,2474.4
2017/12/07,2462,2462
2017/12/08,2464,2464
2017/12/11,2471.5,2471.5
2017/12/12,2461,2461
2017/12/13,2480.6,2480.6
2017/12/14,2469.5,2469.5
2017/12/15,2482.1,2482.1
2017/12/18,2481.9,2481.9
2017/12/19,2478.5,2478.5
2017/12/20,2472.4,2472.4
2017/12/21,2429.8,2429.8
2017/12/22,2440.5,2440.5
2017/12/26,2427.3,2427.3
2017/12/27,2436.7,2436.7
2017/12/28,2467.5,2467.5
2018/01/02,2479.7,2479.7
2018/01/03,2486.4,2486.4
2018/01/04,2466.5,2466.5
2018/01/05,2497.5,2497.5
2018/01/08,2513.3,2513.3
2018/01/09,2510.2,2510.2
2018/01/10,2499.8,2499.8
2018/01/11,2487.9,2487.9
2018/01/12,2496.4,2496.4
2018/01/15,2503.7,2503.7
2018/01/16,2521.7,2521.7
2018/01/17,2515.4,2515.4
2018/01/18,2515.8,2515.8
2018/01/19,2520.3,2520.3
2018/01/22,2502.1,2502.1
2018/01/23,2536.6,2536.6
2018/01/24,2538,2538
2018/01/25,2562.2,2562.2
2018/01/26,2574.8,2574.8
2018/01/29,2598.2,2598.2
2018/01/30,2567.7,2567.7
2018/01/31,2566.5,2566.5
2018/02/01,2568.5,2568.5
2018/02/02,2525.4,2525.4
2018/02/05,2491.8,2491.8
2018/02/06,2453.3,2453.3
2018/02/07,2396.6,2396.6
2018/02/08,2407.6,2407.6
2018/02/09,2363.8,2363.8
2018/02/12,2385.4,2385.4
2018/02/13,2395.2,2395.2
2018/02/14,2421.8,2421.8
2018/02/19,2442.8,2442.8
2018/02/20,2415.1,2415.1
2018/02/21,2429.7,2429.7
2018/02/22,2414.3,2414.3
2018/02/23,2451.5,2451.5
2018/02/26,2457.7,2457.7
2018/02/27,2456.1,2456.1
2018/02/28,2427.4,2427.4
2018/03/02,2402.2,2402.2
2018/03/05,2375.1,2375.1
2018/03/06,2411.4,2411.4
2018/03/07,2401.8,2401.8
2018/03/08,2433.1,2433.1
2018/03/09,2459.5,2459.5
2018/03/12,2484.1,2484.1
2018/03/13,2494.5,2494.5
2018/03/14,2486.1,2486.1
2018/03/15,2492.4,2492.4
2018/03/16,2494,2494
2018/03/19,2475,2475
2018/03/20,2485.5,2485.5
2018/03/21,2485,2485
2018/03/22,2496,2496
2018/03/23,2416.8,2416.8
2018/03/26,2437.1,2437.1
2018/03/27,2452.1,2452.1
2018/03/28,2419.3,2419.3
2018/03/29,2436.4,2436.4
2018/03/30,2445.9,2445.9
2018/04/02,2444.2,2444.2
2018/04/03,2442.4,2442.4
2018/04/04,2408.1,2408.1
2018/04/05,2437.5,2437.5
2018/04/06,2429.6,2429.6
2018/04/09,2444.1,2444.1
2018/04/10,2450.7,2450.7
2018/04/11,2444.2,2444.2
2018/04/12,2442.7,2442.7
2018/04/13,2455.1,2455.1
2018/04/16,2457.5,2457.5
2018/04/17,2453.8,2453.8
2018/04/18,2480,2480
2018/04/19,2486.1,2486.1
2018/04/20,2476.3,2476.3
2018/04/23,2474.1,2474.1
2018/04/24,2464.1,2464.1
2018/04/25,2448.8,2448.8
2018/04/26,2475.6,2475.6
2018/04/27,2492.4,2492.4
2018/04/30,2515.4,2515.4
2018/05/02,2505.6,2505.6
2018/05/03,2487.3,2487.3
2018/05/04,2461.4,2461.4
2018/05/08,2449.8,2449.8
2018/05/09,2444,2444
2018/05/10,2464.2,2464.2
2018/05/11,2477.7,2477.7
2018/05/14,2476.1,2476.1
2018/05/15,2458.5,2458.5
2018/05/16,2459.8,2459.8
2018/05/17,2448.5,2448.5
2018/05/18,2460.7,2460.7
2018/05/21,2465.6,2465.6
2018/05/23,2471.9,2471.9
2018/05/24,2466,2466
2018/05/25,2460.8,2460.8
2018/05/28,2479,2479
2018/05/29,2457.3,2457.3
2018/05/30,2409,2409
2018/05/31,2423,2423
2018/06/01,2439,2439
2018/06/04,2447.8,2447.8
2018/06/05,2453.8,2453.8
2018/06/07,2470.6,2470.6
2018/06/08,2451.6,2451.6
2018/06/11,2470.2,2470.2
2018/06/12,2468.8,2468.8
2018/06/14,2423.5,2423.5
2018/06/15,2404,2404
2018/06/18,2376.2,2376.2
2018/06/19,2340.1,2340.1
2018/06/20,2363.9,2363.9
2018/06/21,2337.8,2337.8
2018/06/22,2357.2,2357.2
2018/06/25,2357.9,2357.9
2018/06/26,2350.9,2350.9
2018/06/27,2342,2342
2018/06/28,2314.2,2314.2
2018/06/29,2326.1,2326.1
2018/07/02,2271.5,2271.5
2018/07/03,2272.8,2272.8
2018/07/04,2265.5,2265.5
2018/07/05,2257.6,2257.6
2018/07/06,2272.9,2272.9
2018/07/09,2285.8,2285.8
2018/07/10,2294.2,2294.2
2018/07/11,2280.6,2280.6
2018/07/12,2285.1,2285.1
2018/07/13,2310.9,2310.9
2018/07/16,2302,2302
2018/07/17,2297.9,2297.9
2018/07/18,2290.1,2290.1
2018/07/19,2282.3,2282.3
2018/07/20,2289.2,2289.2
2018/07/23,2269.3,2269.3
2018/07/24,2280.2,2280.2
2018/07/25,2273,2273
2018/07/26,2289.1,2289.1
2018/07/27,2295,2295
2018/07/30,2293.5,2293.5
2018/07/31,2295.3,2295.3
2018/08/01,2307.1,2307.1
2018/08/02,2270.2,2270.2
2018/08/03,2287.7,2287.7
2018/08/06,2286.5,2286.5
2018/08/07,2300.2,2300.2
2018/08/08,2301.5,2301.5
2018/08/09,2303.7,2303.7
2018/08/10,2282.8,2282.8
2018/08/13,2248.5,2248.5
2018/08/14,2258.9,2258.9
2018/08/16,2240.8,2240.8
2018/08/17,2247.1,2247.1
2018/08/20,2247.9,2247.9
2018/08/21,2270.1,2270.1
2018/08/22,2273.3,2273.3
2018/08/23,2282.6,2282.6
2018/08/24,2293.2,2293.2
2018/08/27,2299.3,2299.3
2018/08/28,2303.1,2303.1
2018/08/29,2309,2309
2018/08/30,2307.4,2307.4
2018/08/31,2322.9,2322.9
2018/09/03,2307,2307
2018/09/04,2315.7,2315.7
2018/09/05,2291.8,2291.8
2018/09/06,2287.6,2287.6
2018/09/07,2281.6,2281.6
2018/09/10,2288.7,2288.7
2018/09/11,2283.2,2283.2
2018/09/12,2282.9,2282.9
2018/09/13,2286.2,2286.2
2018/09/14,2318.3,2318.3
2018/09/17,2303,2303
2018/09/18,2309,2309
2018/09/19,2308.5,2308.5
2018/09/20,2323.5,2323.5
2018/09/21,2339.2,2339.2
2018/09/27,2355.4,2355.4
2018/09/28,2343.1,2343.1
2018/10/01,2338.9,2338.9
2018/10/02,2309.6,2309.6
2018/10/04,2274.5,2274.5
2018/10/05,2267.5,2267.5
2018/10/08,2253.8,2253.8
2018/10/10,2228.6,2228.6
2018/10/11,2129.7,2129.7
2018/10/12,2161.9,2161.9
2018/10/15,2145.1,2145.1
2018/10/16,2145.1,2145.1
2018/10/17,2167.5,2167.5
2018/10/18,2148.3,2148.3
2018/10/19,2156.3,2156.3
2018/10/22,2161.7,2161.7
2018/10/23,2106.1,2106.1
2018/10/24,2097.6,2097.6
2018/10/25,2063.3,2063.3
2018/10/26,2027.2,2027.2
2018/10/29,1996.1,1996.1
2018/10/30,2014.7,2014.7
2018/10/31,2029.7,2029.7
2018/11/01,2024.5,2024.5
2018/11/02,2096,2096
2018/11/05,2076.9,2076.9
2018/11/06,2089.6,2089.6
2018/11/07,2078.7,2078.7
2018/11/08,2092.6,2092.6
2018/11/09,2086.1,2086.1
2018/11/12,2080.4,2080.4
2018/11/13,2071.2,2071.2
2018/11/14,2068.1,2068.1
2018/11/15,2088.1,2088.1
2018/11/16,2092.4,2092.4
2018/11/19,2100.6,2100.6
2018/11/20,2082.6,2082.6
2018/11/21,2076.6,2076.6
2018/11/22,2070,2070
2018/11/23,2057.5,2057.5
2018/11/26,2083,2083
2018/11/27,2099.4,2099.4
2018/11/28,2108.2,2108.2
2018/11/29,2114.1,2114.1
2018/11/30,2096.9,2096.9
2018/12/03,2131.9,2131.9
2018/12/04,2114.4,2114.4
2018/12/05,2101.3,2101.3
2018/12/06,2068.7,2068.7
2018/12/07,2075.8,2075.8
2018/12/10,2053.8,2053.8
2018/12/11,2053,2053
2018/12/12,2082.6,2082.6
2018/12/13,2095.6,2095.6
2018/12/14,2069.4,2069.4
2018/12/17,2071.1,2071.1
2018/12/18,2062.1,2062.1
2018/12/19,2078.8,2078.8
2018/12/20,2060.1,2060.1
2018/12/21,2061.5,2061.5
2018/12/24,2055,2055
2018/12/26,2028,2028
2018/12/27,2028.4,2028.4
2018/12/28,2041,2041
2019/01/02,2010,2010
2019/01/03,1993.7,1993.7
2019/01/04,2010.3,2010.3
2019/01/07,2037.1,2037.1
2019/01/08,2025.3,2025.3
2019/01/09,2064.7,2064.7
2019/01/10,2063.3,2063.3
2019/01/11,2075.6,2075.6
2019/01/14,2064.5,2064.5
2019/01/15,2097.2,2097.2
2019/01/16,2106.1,2106.1
2019/01/17,2107.1,2107.1
2019/01/18,2124.3,2124.3
2019/01/21,2124.6,2124.6
2019/01/22,2117.8,2117.8
2019/01/23,2127.8,2127.8
2019/01/24,2145,2145
2019/01/25,2177.7,2177.7
2019/01/28,2177.3,2177.3
2019/01/29,2183.4,2183.4
2019/01/30,2206.2,2206.2
2019/01/31,2204.9,2204.9
2019/02/01,2203.5,2203.5
2019/02/07,2203.4,2203.4
2019/02/08,2177.1,2177.1
2019/02/11,2180.7,2180.7
2019/02/12,2190.5,2190.5
2019/02/13,2201.5,2201.5
2019/02/14,2225.9,2225.9
2019/02/15,2196.1,2196.1
2019/02/18,2210.9,2210.9
2019/02/19,2205.6,2205.6
2019/02/20,2229.8,2229.8
2019/02/21,2228.7,2228.7
2019/02/22,2230.5,2230.5
2019/02/25,2232.6,2232.6
2019/02/26,2226.6,2226.6
2019/02/27,2234.8,2234.8
2019/02/28,2195.4,2195.4
2019/03/04,2190.7,2190.7
2019/03/05,2179.2,2179.2
2019/03/06,2175.6,2175.6
2019/03/07,2165.8,2165.8
2019/03/08,2137.4,2137.4
2019/03/11,2138.1,2138.1
2019/03/12,2157.2,2157.2
2019/03/13,2148.4,2148.4
2019/03/14,2155.7,2155.7
2019/03/15,2176.1,2176.1
2019/03/18,2179.5,2179.5
2019/03/19,2177.6,2177.6
2019/03/20,2177.1,2177.1
2019/03/21,2184.9,2184.9
2019/03/22,2186.9,2186.9
2019/03/25,2144.9,2144.9
2019/03/26,2148.8,2148.8
2019/03/27,2145.6,2145.6
2019/03/28,2128.1,2128.1
2019/03/29,2140.7,2140.7
2019/04/01,2168.3,2168.3
2019/04/02,2177.2,2177.2
2019/04/03,2203.3,2203.3
2019/04/04,2206.5,2206.5
2019/04/05,2209.6,2209.6
2019/04/08,2210.6,2210.6
2019/04/09,2213.6,2213.6
2019/04/10,2224.4,2224.4
2019/04/11,2224.4,2224.4
2019/04/12,2233.4,2233.4
2019/04/15,2242.9,2242.9
2019/04/16,2248.6,2248.6
2019/04/17,2245.9,2245.9
2019/04/18,2213.8,2213.8
2019/04/19,2216.1,2216.1
2019/04/22,2216.6,2216.6
2019/04/23,2220.5,2220.5
2019/04/24,2201,2201
2019/04/25,2190.5,2190.5
2019/04/26,2179.3,2179.3
2019/04/29,2216.4,2216.4
2019/04/30,2203.6,2203.6
2019/05/02,2212.8,2212.8
2019/05/03,2196.3,2196.3
2019/05/07,2177,2177
2019/05/08,2168,2168
2019/05/09,2102,2102
2019/05/10,2108,2108
2019/05/13,2079,2079
2019/05/14,2081.8,2081.8
2019/05/15,2092.8,2092.8
2019/05/16,2067.7,2067.7
2019/05/17,2055.8,2055.8
2019/05/20,2055.7,2055.7
2019/05/21,2061.3,2061.3
2019/05/22,2064.9,2064.9
2019/05/23,2059.6,2059.6
2019/05/24,2045.3,2045.3
2019/05/27,2044.2,2044.2
2019/05/28,2048.8,2048.8
2019/05/29,2023.3,2023.3
2019/05/30,2038.8,2038.8
2019/05/31,2041.7,2041.7
2019/06/03,2067.9,2067.9
2019/06/04,2067,2067
2019/06/05,2069.1,2069.1
2019/06/07,2072.3,2072.3
2019/06/10,2099.5,2099.5
2019/06/11,2111.8,2111.8
2019/06/12,2108.8,2108.8
2019/06/13,2103.1,2103.1
2019/06/14,2095.4,2095.4
2019/06/17,2090.7,2090.7
2019/06/18,2098.7,2098.7
2019/06/19,2124.8,2124.8
2019/06/20,2131.3,2131.3
2019/06/21,2125.6,2125.6
2019/06/24,2126.3,2126.3
2019/06/25,2121.6,2121.6
2019/06/26,2121.9,2121.9
2019/06/27,2134.3,2134.3
2019/06/28,2130.6,2130.6
2019/07/01,2129.7,2129.7
2019/07/02,2122,2122
2019/07/03,2096,2096
2019/07/04,2108.7,2108.7
2019/07/05,2110.6,2110.6
2019/07/08,2064.2,2064.2
2019/07/09,2052,2052
2019/07/10,2058.8,2058.8
2019/07/11,2080.6,2080.6
2019/07/12,2086.7,2086.7
2019/07/15,2082.5,2082.5
2019/07/16,2091.9,2091.9
2019/07/17,2072.9,2072.9
2019/07/18,2066.6,2066.6
2019/07/19,2094.4,2094.4
2019/07/22,2093.3,2093.3
2019/07/23,2101.4,2101.4
2019/07/24,2082.3,2082.3
2019/07/25,2074.5,2074.5
2019/07/26,2066.3,2066.3
2019/07/29,2029.5,2029.5
2019/07/30,2038.7,2038.7
2019/07/31,2024.6,2024.6
2019/08/01,2017.3,2017.3
2019/08/02,1998.1,1998.1
2019/08/05,1947,1947
2019/08/06,1917.5,1917.5
2019/08/07,1909.7,1909.7
2019/08/08,1920.6,1920.6
2019/08/09,1937.8,1937.8
2019/08/12,1942.3,1942.3
2019/08/13,1925.8,1925.8
2019/08/14,1938.4,1938.4
2019/08/16,1927.2,1927.2
2019/08/19,1939.9,1939.9
2019/08/20,1960.3,1960.3
2019/08/21,1964.7,1964.7
2019/08/22,1951,1951
2019/08/23,1948.3,1948.3
2019/08/26,1916.3,1916.3
2019/08/27,1924.6,1924.6
2019/08/28,1941.1,1941.1
2019/08/29,1933.4,1933.4
2019/08/30,1967.8,1967.8
2019/09/02,1969.2,1969.2
2019/09/03,1965.7,1965.7
2019/09/04,1988.5,1988.5
2019/09/05,2004.8,2004.8
2019/09/06,2009.1,2009.1
2019/09/09,2019.6,2019.6
2019/09/10,2032.1,2032.1
2019/09/11,2049.2,2049.2
2019/09/16,2062.2,2062.2
2019/09/17,2062.3,2062.3
2019/09/18,2070.7,2070.7
2019/09/19,2080.4,2080.4
2019/09/20,2091.5,2091.5
2019/09/23,2091.7,2091.7
2019/09/24,2101,2101
2019/09/25,2073.4,2073.4
2019/09/26,2074.5,2074.5
2019/09/27,2049.9,2049.9
2019/09/30,2063.1,2063.1
2019/10/01,2072.4,2072.4
2019/10/02,2031.9,2031.9
2019/10/04,2020.7,2020.7
2019/10/07,2021.7,2021.7
2019/10/08,2046.3,2046.3
2019/10/10,2028.2,2028.2
2019/10/11,2044.6,2044.6
2019/10/14,2067.4,2067.4
2019/10/15,2068.2,2068.2
2019/10/16,2082.8,2082.8
2019/10/17,2077.9,2077.9
2019/10/18,2060.7,2060.7
2019/10/21,2064.8,2064.8
2019/10/22,2088.9,2088.9
2019/10/23,2080.6,2080.6
2019/10/24,2085.7,2085.7
2019/10/25,2087.9,2087.9
2019/10/28,2093.6,2093.6
2019/10/29,2092.7,2092.7
2019/10/30,2080.3,2080.3
2019/10/31,2083.5,2083.5
2019/11/01,2100.2,2100.2
2019/11/04,2130.2,2130.2
2019/11/05,2142.6,2142.6
2019/11/06,2144.1,2144.1
2019/11/07,2144.3,2144.3
2019/11/08,2137.2,2137.2
2019/11/11,2124.1,2124.1
2019/11/12,2140.9,2140.9
2019/11/13,2122.4,2122.4
2019/11/15,2162.2,2162.2
2019/11/18,2160.7,2160.7
2019/11/19,2153.2,2153.2
2019/11/20,2125.3,2125.3
2019/11/21,2096.6,2096.6
2019/11/22,2102,2102
2019/11/25,2123.5,2123.5
2019/11/26,2121.4,2121.4
2019/11/27,2127.9,2127.9
2019/11/28,2118.6,2118.6
2019/11/29,2088,2088
2019/12/02,2091.9,2091.9
2019/12/03,2084.1,2084.1
2019/12/04,2068.9,2068.9
2019/12/05,2060.7,2060.7
2019/12/06,2081.9,2081.9
2019/12/09,2088.6,2088.6
2019/12/10,2098,2098
2019/12/11,2105.6,2105.6
2019/12/12,2137.4,2137.4
2019/12/13,2170.3,2170.3
2019/12/16,2168.1,2168.1
2019/12/17,2195.7,2195.7
2019/12/18,2194.8,2194.8
2019/12/19,2196.6,2196.6
2019/12/20,2204.2,2204.2
2019/12/23,2203.7,2203.7
2019/12/24,2190.1,2190.1
2019/12/26,2197.9,2197.9
2019/12/27,2204.2,2204.2
2019/12/30,2197.7,2197.7
2020/01/02,2175.2,2105.6
2020/01/03,2176.5,2105.6
2020/01/06,2155.1,2086.5
2020/01/07,2175.5,2086.5
2020/01/08,2151.3,2086.5
2020/01/09,2186.4,2086.5
2020/01/10,2206.4,2086.5
2020/01/13,2229.3,2031.3
2020/01/14,2238.9,2031.3
2020/01/15,2231,2031.3
2020/01/16,2248.1,2031.3
2020/01/17,2250.6,2031.3
2020/01/20,2262.6,1966.3
2020/01/21,2239.7,1966.3
2020/01/22,2267.3,1966.3
2020/01/23,2246.1,1966.3
2020/01/28,2176.7,1909.6
2020/01/29,2185.3,1909.6
2020/01/30,2148,1909.6
2020/01/31,2119,1909.6
2020/02/03,2118.9,1857.7
2020/02/04,2157.9,1857.7
2020/02/05,2165.6,1857.7
2020/02/06,2227.9,1857.7
2020/02/07,2211.9,1857.7
2020/02/10,2201.1,1821.9
2020/02/11,2223.1,1821.9
2020/02/12,2238.4,1821.9
2020/02/13,2233,1821.9
2020/02/14,2243.6,1821.9
2020/02/17,2242.2,1805.9
2020/02/18,2208.9,1805.9
2020/02/19,2210.3,1805.9
2020/02/20,2195.5,1805.9
2020/02/21,2162.8,1805.9
2020/02/24,2079,1805.2
2020/02/25,2103.6,1805.2
2020/02/26,2076.8,1805.2
2020/02/27,2054.9,1805.2
2020/02/28,1987,1805.2
2020/03/02,2002.5,1814.3
2020/03/03,2014.2,1814.3
2020/03/04,2059.3,1814.3
2020/03/05,2085.3,1814.3
2020/03/06,2040.2,1814.3
2020/03/09,1954.8,1827.5
2020/03/10,1962.9,1827.5
2020/03/11,1908.3,1827.5
2020/03/12,1834.3,1827.5
2020/03/13,1771.4,1827.5
2020/03/16,1714.9,1840.9
2020/03/17,1672.4,1840.9
2020/03/18,1591.2,1840.9
2020/03/19,1457.6,1840.9
2020/03/20,1566.2,1840.9
2020/03/23,1482.5,1852.8
2020/03/24,1610,1852.8
2020/03/25,1704.8,1852.8
2020/03/26,1686.2,1852.8
2020/03/27,1717.7,1852.8
2020/03/30,1717.1,1864
2020/03/31,1754.6,1864
2020/04/01,1685.5,1864
2020/04/02,1724.9,1864
2020/04/03,1725.4,1864
2020/04/06,1791.9,1875.7
2020/04/07,1823.6,1875.7
2020/04/08,1807.1,1875.7
2020/04/09,1836.2,1875.7
2020/04/10,1860.7,1875.7
2020/04/13,1825.8,1889.4
2020/04/14,1857.1,1889.4
2020/04/16,1857.1,1889.4
2020/04/17,1914.5,1889.4
2020/04/20,1898.4,1905.3
2020/04/21,1879.4,1905.3
2020/04/22,1896.2,1905.3
2020/04/23,1914.7,1905.3
2020/04/24,1889,1905.3
2020/04/27,1922.8,1922.9
2020/04/28,1934.1,1922.9
2020/04/29,1947.6,1922.9
2020/05/04,1895.4,1941.2
2020/05/06,1928.8,1941.2
2020/05/07,1928.6,1941.2
2020/05/08,1945.8,1941.2
2020/05/11,1935.4,1959.4
2020/05/12,1922.2,1959.4
2020/05/13,1940.4,1959.4
2020/05/14,1925,1959.4
2020/05/15,1927.3,1959.4
2020/05/18,1937.1,1976.6
2020/05/19,1980.6,1976.6
2020/05/20,1989.6,1976.6
2020/05/21,1998.3,1976.6
2020/05/22,1970.1,1976.6
2020/05/25,1994.6,1992.5
2020/05/26,2029.8,1992.5
2020/05/27,2031.2,1992.5
2020/05/28,2028.5,1992.5
2020/05/29,2029.6,1992.5
2020/06/01,2065.1,2006.5
2020/06/02,2087.2,2006.5
2020/06/03,2147,2006.5
2020/06/04,2151.2,2006.5
2020/06/05,2181.9,2006.5
2020/06/08,2184.3,2018.1
2020/06/09,2188.9,2018.1
2020/06/10,2195.7,2018.1
2020/06/11,2176.8,2018.1
2020/06/12,2132.3,2018.1
2020/06/15,2030.8,2026.7
2020/06/16,2138.1,2026.7
2020/06/17,2141.1,2026.7
2020/06/18,2133.5,2026.7
2020/06/19,2141.3,2026.7
2020/06/22,2126.7,2031.8
2020/06/23,2131.2,2031.8
2020/06/24,2161.5,2031.8
2020/06/25,2112.4,2031.8
2020/06/26,2134.6,2031.8
2020/06/29,2093.5,2033.1
2020/06/30,2108.3,2033.1
2020/07/01,2106.7,2033.1
2020/07/02,2135.4,2033.1
2020/07/03,2152.4,2033.1
2020/07/06,2187.9,2030.4
2020/07/07,2164.2,2030.4
2020/07/08,2158.9,2030.4
2020/07/09,2167.9,2030.4
2020/07/10,2150.3,2030.4
2020/07/13,2186.1,2023.8
2020/07/14,2183.6,2023.8
2020/07/15,2201.9,2023.8
2020/07/16,2183.8,2023.8
2020/07/17,2201.2,2023.8
2020/07/20,2198.2,2013.8
2020/07/21,2228.8,2013.8
2020/07/22,2228.7,2013.8
2020/07/23,2216.2,2013.8
2020/07/24,2200.4,2013.8
2020/07/27,2217.9,2000.8
2020/07/28,2257,2000.8
2020/07/29,2263.2,2000.8
2020/07/30,2267,2000.8
2020/07/31,2249.4,2000.8
2020/08/03,2251,1985.6
2020/08/04,2280,1985.6
2020/08/05,2311.9,1985.6
2020/08/06,2342.6,1985.6
2020/08/07,2351.7,1985.6
2020/08/10,2386.4,1969.1
2020/08/11,2418.7,1969.1
2020/08/12,2432.4,1969.1
2020/08/13,2437.5,1969.1
2020/08/14,2407.5,1969.1
2020/08/18,2348.2,1952.1
2020/08/19,2360.5,1952.1
2020/08/20,2274.2,1952.1
2020/08/21,2304.6,1952.1
2020/08/24,2329.8,1935.7
2020/08/25,2366.7,1935.7
2020/08/26,2369.3,1935.7
2020/08/27,2344.4,1935.7
2020/08/28,2353.8,1935.7
2020/08/31,2326.2,1921.2
2020/09/01,2349.6,1921.2
2020/09/02,2364.4,1921.2
2020/09/03,2395.9,1921.2
2020/09/04,2368.3,1921.2
2020/09/07,2384.2,1909.4
2020/09/08,2401.9,1909.4
2020/09/09,2375.8,1909.4
2020/09/10,2396.5,1909.4
2020/09/11,2396.7,1909.4
2020/09/14,2427.9,1901.1
2020/09/15,2443.6,1901.1
2020/09/16,2435.9,1901.1
2020/09/17,2406.2,1901.1
2020/09/18,2412.4,1901.1
2020/09/21,2389.4,1896.6
2020/09/22,2332.6,1896.6
2020/09/23,2333.2,1896.6
2020/09/24,2272.7,1896.6
2020/09/25,2278.8,1896.6
2020/09/28,2308.1,1895.5
2020/09/29,2327.9,1895.5
2020/10/05,2358,1895.5
2020/10/06,2365.9,1895.5
2020/10/07,2386.9,1895.5
2020/10/08,2392,1895.5
2020/10/12,2403.7,1896.7
2020/10/13,2403.1,1896.7
2020/10/14,2380.5,1896.7
2020/10/15,2361.2,1896.7
2020/10/16,2341.5,1896.7
2020/10/19,2346.7,1899.8
2020/10/20,2358.4,1899.8
2020/10/21,2370.9,1899.8
2020/10/22,2355.1,1899.8
2020/10/23,2360.8,1899.8
2020/10/26,2343.9,1904.1
2020/10/27,2330.8,1904.1
2020/10/28,2345.3,1904.1
2020/10/29,2326.7,1904.1
2020/10/30,2267.1,1904.1
2020/11/02,2300.2,1909.5
2020/11/03,2343.3,1909.5
2020/11/04,2357.3,1909.5
2020/11/05,2413.8,1909.5
2020/11/06,2416.5,1909.5
2020/11/09,2447.2,1915.8
2020/11/10,2452.8,1915.8
2020/11/11,2485.9,1915.8
2020/11/12,2475.6,1915.8
2020/11/13,2493.9,1915.8
2020/11/16,2543,1923
2020/11/17,2539.1,1923
2020/11/18,2545.6,1923
2020/11/19,2547.4,1923
2020/11/20,2553.5,1923
2020/11/23,2602.6,1930.6
2020/11/24,2617.8,1930.6
2020/11/25,2601.5,1930.6
2020/11/26,2625.9,1930.6
2020/11/27,2633.4,1930.6
2020/11/30,2591.3,1938.4
2020/12/01,2634.3,1938.4
2020/12/02,2675.9,1938.4
2020/12/03,2696.2,1938.4
2020/12/04,2731.4,1938.4
2020/12/07,2745.4,1946.2
2020/12/08,2700.9,1946.2
2020/12/09,2755.5,1946.2
2020/12/10,2746.5,1946.2
2020/12/11,2770.1,1946.2
2020/12/14,2762.2,1953.6
2020/12/15,2756.8,1953.6
2020/12/16,2771.8,1953.6
2020/12/17,2770.4,1953.6
2020/12/18,2772.2,1953.6
2020/12/21,2778.6,1960.4
2020/12/22,2733.7,1960.4
2020/12/23,2759.8,1960.4
2020/12/24,2806.9,1960.4
2020/12/28,2808.6,1966.3
2020/12/29,2820.5,1966.3
2020/12/30,2873.5,1966.3
2021/01/04,2944.4,1971.4
2021/01/05,2990.6,1971.4
2021/01/06,2968.2,1971.4
2021/01/07,3031.7,1971.4
2021/01/08,3152.2,1971.4
2021/01/11,3148.4,1975.6
2021/01/12,3125.9,1975.6
2021/01/13,3148.3,1975.6
2021/01/14,3149.9,1975.6
2021/01/15,3085.9,1975.6
2021/01/18,3013.9,1979
2021/01/19,3092.7,1979
2021/01/20,3114.6,1979
2021/01/21,3160.8,1979
2021/01/22,3140.6,1979
2021/01/25,3209,1981.8
2021/01/26,3140.3,1981.8
2021/01/27,3122.6,1981.8
2021/01/28,3069.1,1981.8
2021/01/29,2976.2,1981.8
2021/02/01,3056.5,1984.3
2021/02/02,3096.8,1984.3
2021/02/03,3129.7,1984.3
2021/02/04,3087.6,1984.3
2021/02/05,3120.6,1984.3
2021/02/08,3091.2,1986.5
2021/02/09,3084.7,1986.5
2021/02/10,3100.6,1986.5
2021/02/15,3147,1988.6
2021/02/16,3163.3,1988.6
2021/02/17,3133.7,1988.6
2021/02/18,3086.7,1988.6
2021/02/19,3107.6,1988.6
2021/02/22,3079.8,1990.4
2021/02/23,3070.1,1990.4
2021/02/24,2995,1990.4
2021/02/25,3099.7,1990.4
2021/02/26,3012.9,1990.4
2021/03/02,3043.9,1991.9
2021/03/03,3083,1991.9
2021/03/04,3043.5,1991.9
2021/03/05,3026.3,1991.9
2021/03/08,2996.1,1992.9
2021/03/09,2976.1,1992.9
2021/03/10,2958.1,1992.9
2021/03/11,3013.7,1992.9
2021/03/12,3054.4,1992.9
2021/03/15,3045.7,1993.3
2021/03/16,3067.2,1993.3
2021/03/17,3047.5,1993.3
2021/03/18,3066,1993.3
2021/03/19,3039.5,1993.3
2021/03/22,3035.5,1992.9
2021/03/23,3004.7,1992.9
2021/03/24,2996.4,1992.9
2021/03/25,3008.3,1992.9
2021/03/26,3041,1992.9
2021/03/29,3036,1991.6
2021/03/30,3070,1991.6
2021/03/31,3061.4,1991.6
2021/04/01,3087.4,1991.6
2021/04/02,3112.8,1991.6
2021/04/05,3120.8,1989.4
2021/04/06,3127.1,1989.4
2021/04/07,3137.4,1989.4
2021/04/08,3143.3,1989.4
2021/04/09,3131.9,1989.4
2021/04/12,3135.6,1986.4
2021/04/13,3169.1,1986.4
2021/04/14,3182.4,1986.4
2021/04/15,3194.3,1986.4
2021/04/16,3198.6,1986.4
2021/04/19,3198.8,1982.7
2021/04/20,3220.7,1982.7
2021/04/21,3171.7,1982.7
2021/04/22,3177.5,1982.7
2021/04/23,3181.1,1982.7
2021/04/26,3217.5,1978.5
2021/04/27,3215.4,1978.5
2021/04/28,3181.5,1978.5
2021/04/29,3174.1,1978.5
2021/04/30,3147.9,1978.5
2021/05/03,3127.2,1974.1
2021/05/04,3147.4,1974.1
2021/05/06,3160.4,1974.1
2021/05/07,3197.2,1974.1
2021/05/10,3249.3,1969.6
2021/05/11,3209.4,1969.6
2021/05/12,3161.7,1969.6
2021/05/13,3122.1,1969.6
2021/05/14,3153.3,1969.6
2021/05/17,3134.5,1965.5
2021/05/18,3173.1,1965.5
2021/05/20,3162.3,1965.5
2021/05/21,3156.4,1965.5
2021/05/24,3144.3,1961.8
2021/05/25,3171.3,1961.8
2021/05/26,3168.4,1961.8
2021/05/27,3165.5,1961.8
2021/05/28,3188.7,1961.8
2021/05/31,3203.9,1958.9
2021/06/01,3221.9,1958.9
2021/06/02,3224.2,1958.9
2021/06/03,3247.4,1958.9
2021/06/04,3240.1,1958.9
2021/06/07,3252.1,1956.7
2021/06/08,3247.8,1956.7
2021/06/09,3216.2,1956.7
2021/06/10,3224.6,1956.7
2021/06/11,3249.3,1956.7
2021/06/14,3252.1,1955.3
2021/06/15,3258.6,1955.3
2021/06/16,3278.7,1955.3
2021/06/17,3265,1955.3
2021/06/18,3267.9,1955.3
2021/06/21,3240.8,1954.8
2021/06/22,3263.9,1954.8
2021/06/23,3276.2,1954.8
2021/06/24,3286.1,1954.8
2021/06/25,3302.8,1954.8
2021/06/28,3301.9,1955
2021/06/29,3286.7,1955
2021/06/30,3296.7,1955
2021/07/01,3282.1,1955
2021/07/02,3281.8,1955
2021/07/05,3293.2,1955.9
2021/07/06,3305.2,1955.9
2021/07/07,3285.3,1955.9
2021/07/08,3252.7,1955.9
2021/07/09,3217.9,1955.9
2021/07/12,3246.5,1957.4
2021/07/13,3271.4,1957.4
2021/07/14,3264.8,1957.4
2021/07/15,3286.2,1957.4
2021/07/16,3276.9,1957.4
2021/07/19,3244,1959.4
2021/07/20,3232.7,1959.4
2021/07/21,3215.9,1959.4
2021/07/22,3250.2,1959.4
2021/07/23,3254.4,1959.4
2021/07/26,3224.9,1961.8
2021/07/27,3232.5,1961.8
2021/07/28,3236.9,1961.8
2021/07/29,3242.6,1961.8
2021/07/30,3202.3,1961.8
2021/08/02,3223,1964.7
2021/08/03,3237.1,1964.7
2021/08/04,3280.4,1964.7
2021/08/05,3276.1,1964.7
2021/08/06,3270.4,1964.7
2021/08/09,3260.4,1967.9
2021/08/10,3243.2,1967.9
2021/08/11,3220.6,1967.9
2021/08/12,3208.4,1967.9
2021/08/13,3171.3,1967.9
2021/08/17,3143.1,1971.3
2021/08/18,3158.9,1971.3
2021/08/19,3097.8,1971.3
2021/08/20,3060.5,1971.3
2021/08/23,3090.2,1974.9
2021/08/24,3138.3,1974.9
2021/08/25,3146.8,1974.9
2021/08/26,3128.5,1974.9
2021/08/27,3133.9,1974.9
2021/08/30,3144.2,1978.6
2021/08/31,3199.3,1978.6
2021/09/01,3207,1978.6
2021/09/02,3175.9,1978.6
2021/09/03,3201.1,1978.6
2021/09/06,3203.3,1982.4
2021/09/07,3187.4,1982.4
2021/09/08,3163,1982.4
2021/09/09,3114.7,1982.4
2021/09/10,3125.8,1982.4
2021/09/13,3127.9,1986.1
2021/09/14,3148.8,1986.1
2021/09/15,3153.4,1986.1
2021/09/16,3130.1,1986.1
2021/09/17,3140.5,1986.1
2021/09/23,3127.6,1989.7
2021/09/24,3125.2,1989.7
2021/09/27,3133.6,1993.1
2021/09/28,3097.9,1993.1
2021/09/29,3060.3,1993.1
2021/09/30,3068.8,1993.1
2021/10/01,3019.2,1993.1
2021/10/05,2962.2,1996.2
2021/10/06,2908.3,1996.2
2021/10/07,2959.5,1996.2
2021/10/08,2956.3,1996.2
2021/10/12,2916.4,1998.9
2021/10/13,2944.4,1998.9
2021/10/14,2988.6,1998.9
2021/10/15,3015.1,1998.9
2021/10/18,3006.7,2001.2
2021/10/19,3029,2001.2
2021/10/20,3013.1,2001.2
2021/10/21,3007.3,2001.2
2021/10/22,3006.2,2001.2
2021/10/25,3020.5,2003
2021/10/26,3049.1,2003
2021/10/27,3025.5,2003
2021/10/28,3009.6,2003
2021/10/29,2970.7,2003
2021/11/01,2978.9,2004.2
2021/11/02,3013.5,2004.2
2021/11/03,2975.7,2004.2
2021/11/04,2983.2,2004.2
2021/11/05,2969.3,2004.2
2021/11/08,2960.2,2004.8
2021/11/09,2962.5,2004.8
2021/11/10,2930.2,2004.8