Date,CM_Price,CM_Volume,CD_Price,CD_Volume,CS_Price,CS_Volume,EC_Price,EC_Volume,F_Price,F_Volume,HI_Price,HI_Volume,IT_Price,IT_Volume,SM_Price,SM_Volume,,
2019/07/01,282.8,3840000,1430.5,6740000,1118.9,3130000,1248.9,11170000,728.6,8570000,291.9,7410000,2089.9,22530000,791.4,2220000,5710000,25.31527094
2019/07/02,282.9,2620000,1413,7150000,1107.5,3420000,1254,13170000,724.6,10430000,290.5,4510000,2086.5,16470000,786.8,1510000,9100000,40.34482759
2019/07/03,275.7,3420000,1395.2,7050000,1106,3880000,1252.4,35770000,708.7,13480000,283.1,8070000,2052.8,17470000,782.3,2000000,4125000,18.28817734
2019/07/04,277.5,2880000,1410.2,6560000,1108.9,3360000,1275.8,25890000,713.3,8380000,287,4830000,2085.7,11840000,787.3,3080000,10995000,48.74630542
2019/07/05,276.3,2770000,1425.4,6740000,1124.9,3560000,1276.2,8220000,708.9,7380000,288.7,3360000,2058,15400000,790.9,1760000,14635000,64.88423645
2019/07/08,268,4100000,1401.8,7280000,1106.5,4700000,1242.8,14200000,698.7,9990000,279.4,5920000,2009.9,18390000,772.6,2110000,11405000,50.56403941
2019/07/09,259,5780000,1388.6,8420000,1092.5,3420000,1224.3,9500000,694.7,8780000,273.5,6740000,2011.7,16270000,766.6,1770000,23480000,104.0985222
2019/07/10,259.6,4700000,1384.9,7410000,1088.3,3280000,1219.3,9850000,696,8780000,274.6,5230000,2041.6,18320000,762.6,2030000,1750000,7.75862069
2019/07/11,262.9,3460000,1395.3,9840000,1099.5,4390000,1236.2,35490000,700.6,14900000,279.9,6560000,2061.8,21990000,767,1720000,81200000,
2019/07/12,261.3,3510000,1404.9,7450000,1100.3,3510000,1243.4,9290000,704,8580000,282,3890000,2075,11740000,768,1570000,,
2019/07/15,257.3,2670000,1398,6510000,1093.3,2780000,1250.3,39950000,704.2,8750000,279.5,4260000,2086.7,11220000,764.5,3410000,,
2019/07/16,258.7,2530000,1381.3,8070000,1107.7,3270000,1261.5,77750000,708.3,12030000,280.1,4130000,2098.1,15120000,770.2,2050000,,
2019/07/17,252.8,3590000,1386.3,7440000,1091.8,3820000,1258.6,58230000,708.4,10090000,277.1,3980000,2079.9,12690000,763.5,2200000,,
2019/07/18,248.1,3520000,1381.4,6200000,1093.5,3110000,1246.5,30800000,702.1,11730000,273.9,3660000,2073.6,11210000,755,1920000,,
2019/07/19,252.8,3490000,1394.4,6980000,1103.4,3390000,1258.5,29600000,714.7,10050000,277.8,5040000,2105.7,16730000,768.2,2730000,,
2019/07/22,251.6,2360000,1382.3,5570000,1097.3,2430000,1258,15060000,710.7,7570000,275.7,3300000,2115.1,15240000,768.4,3840000,,
2019/07/23,252.4,3050000,1386.9,7490000,1110.4,5640000,1270.8,31500000,719.7,10380000,275.5,4780000,2125.6,18180000,777,1970000,,
2019/07/24,249.5,2890000,1390.7,7580000,1101,3880000,1262.1,24500000,712.7,9560000,275.1,6260000,2100.6,18150000,774.1,1440000,,
2019/07/25,245.9,5930000,1395.1,8510000,1099.2,4820000,1228.8,18460000,700.7,11480000,264.3,11880000,2094.4,19900000,764.8,1940000,,
2019/07/26,244,5010000,1395,10680000,1079.4,4560000,1215.6,18620000,694.2,13770000,262.7,9390000,2090.5,15600000,749.1,1760000,,
2019/07/29,242.8,6870000,1367.8,8450000,1074.9,4640000,1197.2,12800000,688.4,13380000,262.5,9200000,2050.1,13340000,737.2,1880000,,
2019/07/30,243.5,3330000,1374,6740000,1075.5,3340000,1201.1,15550000,684,8890000,260.4,6500000,2072.7,11140000,738.3,2400000,,
2019/07/31,245.2,4210000,1365.4,8190000,1070.1,4750000,1206.4,13850000,683.9,14070000,264.9,5500000,2047.9,33040000,735.4,1810000,,
2019/08/01,240,4120000,1367.3,8960000,1057.4,5030000,1195.9,11510000,684.8,10250000,261.6,6460000,2049.2,16590000,723.5,1670000,,
2019/08/02,236.9,3680000,1366.1,9000000,1045.6,4730000,1176.8,20680000,662.3,15610000,254.3,7580000,2030.9,25910000,709,2110000,,
2019/08/05,231.3,6550000,1351.3,10820000,1027.5,5530000,1144.7,29620000,655.6,18000000,244.7,11610000,1981,27870000,687.1,3190000,,
2019/08/06,228.6,7390000,1323.5,11940000,1015.5,5900000,1131.1,13800000,649.4,22060000,238.6,11290000,1928.9,29300000,677.3,5750000,,
2019/08/07,224.7,5170000,1319.2,9010000,1009.1,5040000,1128.1,15640000,637.8,14560000,237.9,6580000,1924.8,19890000,679.5,3010000,,
2019/08/08,229.7,5300000,1337.5,11170000,1013.9,8110000,1133.8,70970000,638,19290000,240.5,6160000,1924.3,26100000,692.1,1670000,,
2019/08/09,231.6,6080000,1356.6,7790000,1012.3,5660000,1130.1,49760000,638.3,14230000,244.5,4850000,1954.9,18220000,697.7,2450000,,
2019/08/12,233.4,3640000,1355.4,6390000,1006.3,5860000,1121.5,15730000,628.4,11160000,245.3,3830000,1975.5,14650000,694.1,2030000,,
2019/08/13,226.7,3820000,1345.5,7780000,1014.5,7070000,1100,16100000,619.8,12270000,244.5,3940000,1958.8,12940000,688.8,3260000,,
2019/08/14,224.1,4120000,1337.8,10260000,1006.7,5790000,1130.2,13900000,617.5,12900000,244.9,4110000,2003.8,17800000,687.9,3600000,,
2019/08/16,225.5,3610000,1327.8,8940000,1001.1,5120000,1115.7,9120000,612.9,13870000,244.3,3960000,1994.1,16740000,688,1930000,,
2019/08/19,230.2,3830000,1336.6,8070000,1009.1,3790000,1130.5,9780000,623.9,11030000,258.6,9810000,1986.7,11200000,696.7,2190000,,
2019/08/20,231.7,3380000,1336.1,8510000,1013.7,3710000,1141.6,13080000,623.1,12620000,264.7,9060000,2008.7,15570000,701.4,2020000,,
2019/08/21,234.3,2960000,1332.1,8170000,1013.6,3690000,1152.3,11470000,623.3,9950000,264.8,5530000,2000.7,12940000,701.4,2790000,,
2019/08/22,232.7,3070000,1320.4,8470000,1013.4,5270000,1144.7,7820000,623.7,11760000,262.4,5670000,1967.3,15960000,695.7,2670000,,
2019/08/23,230.3,2620000,1330,6650000,1007.3,3220000,1146.6,8060000,620.7,10600000,263.4,4860000,1975,10710000,685.4,2710000,,
2019/08/26,225.8,2860000,1314.2,6000000,993.9,2950000,1122.9,10010000,614,10060000,258.1,5170000,1933.1,15750000,672.6,1780000,,
2019/08/27,226.7,4130000,1316.6,9270000,997.3,4080000,1116.2,7630000,610.9,22800000,258.3,7430000,1952.8,25280000,671.7,2500000,,
2019/08/28,228.4,2500000,1340.2,8360000,1000.6,3070000,1122.9,8830000,614.2,8890000,257.2,5460000,1967.9,11010000,677.8,2590000,,
2019/08/29,227.6,2270000,1339.2,7830000,1010.3,3480000,1124.2,6650000,614.7,7420000,257.8,4200000,1953.5,16870000,676.7,1870000,,
2019/08/30,234.1,3630000,1350,8060000,1023.3,4200000,1157.5,9120000,630.4,23530000,268.6,10450000,2007.3,22020000,691.1,3030000,,
2019/09/02,233.8,2470000,1362.9,5440000,1024.1,3960000,1150.8,7890000,629.9,7160000,267.7,4490000,2001.1,15020000,696.9,4220000,,
2019/09/03,231.7,3630000,1358.9,7770000,1038.9,4950000,1150.2,5850000,626.1,9100000,268.4,5030000,1995.1,16310000,697.9,2940000,,
2019/09/04,232,3720000,1367.1,7130000,1045.5,5450000,1150,6750000,632.7,10070000,272.1,5340000,2030.7,20130000,704.3,2530000,,
2019/09/05,233.1,3680000,1357,8200000,1043.8,5280000,1165.2,10870000,632.7,10960000,272.3,6090000,2067.3,32050000,707.4,2530000,,
2019/09/06,233.6,2880000,1354.7,6360000,1039.5,3070000,1164.2,5960000,637.1,9270000,275.9,6970000,2066.3,17550000,702.1,2810000,,
2019/09/09,233.7,3210000,1354,6180000,1045,3400000,1165.9,6460000,642.4,9460000,279.5,6690000,2073.1,17390000,705.7,4140000,,
2019/09/10,240.5,5470000,1357.8,6640000,1051.6,3710000,1173.8,5110000,656.1,12480000,284.8,7180000,2072,16240000,716.8,3030000,,
2019/09/11,243.3,6210000,1371.9,11340000,1060.2,5830000,1183.9,5930000,665,22070000,288.3,8270000,2069.1,27530000,736,6440000,,
2019/09/16,254.2,12840000,1372.3,8090000,1070.6,4610000,1209.8,5770000,678,18770000,296.7,14230000,2058.5,26320000,746.4,8200000,,
2019/09/17,254.4,6760000,1372,6810000,1069.8,4620000,1205,4170000,673.6,11490000,296.9,12310000,2060.1,15530000,743.3,6070000,,
2019/09/18,251.6,5510000,1374.2,6200000,1064.1,3440000,1199.3,4170000,670.4,10820000,293,8990000,2070.6,18610000,741.2,1610000,,
2019/09/19,248.3,4670000,1370.7,6350000,1059.7,3140000,1195.1,3840000,663.6,10290000,291.9,6460000,2105.9,26760000,732.2,1700000,,
2019/09/20,250.5,4040000,1384.2,8490000,1064.6,3840000,1205.8,4250000,674.2,14400000,295.3,6040000,2108.4,23150000,736.6,2860000,,
2019/09/23,250.5,3280000,1403.7,9140000,1068.4,4630000,1195.9,5030000,670.9,7820000,297.4,7610000,2111.7,13680000,730.7,1830000,,
2019/09/24,251.2,3730000,1414.6,12870000,1079.6,3720000,1203.6,3540000,670.7,9910000,295.3,10610000,2127.6,14170000,735,2470000,,
2019/09/25,245.4,4200000,1409.3,8830000,1074.8,4340000,1165,6790000,667.7,11320000,288.5,7870000,2078.5,17250000,727.3,3360000,,
2019/09/26,247.3,3780000,1392.7,7570000,1070.7,3420000,1159.5,4510000,669.2,39150000,289.4,5990000,2092.4,16650000,725.9,1890000,,
2019/09/27,244.7,3260000,1388.1,6700000,1073.7,3610000,1145.6,3080000,653.8,10920000,284.8,4840000,2060.2,15020000,716,1830000,,
2019/09/30,247.3,2560000,1398.9,6840000,1073.8,2960000,1152.5,4320000,658.2,9580000,288.3,4680000,2082.8,16500000,722.5,3660000,,
2019/10/01,247.8,3250000,1391.6,6780000,1080.1,3050000,1175.2,3680000,659.4,8110000,289.3,5380000,2087.4,13500000,724.3,3790000,,
2019/10/02,243.4,3500000,1363.5,8060000,1060.7,4200000,1156.9,4350000,646,15940000,285.6,5650000,2041.6,15190000,704.6,3000000,,
2019/10/04,239.1,3410000,1340.1,7940000,1050.3,4080000,1157.4,6570000,638.1,9700000,280.9,5150000,2046.6,17500000,698.4,4150000,,
2019/10/07,236.1,3670000,1345.8,5370000,1053.7,2700000,1158.2,4440000,637,7040000,276.4,5970000,2056.7,13630000,693.7,4230000,,
2019/10/08,237,3230000,1352.7,7940000,1070.4,3420000,1172.2,7210000,640.2,13290000,282.5,7380000,2085,22050000,699.3,2800000,,
2019/10/10,232.7,4710000,1334.3,11140000,1056,5270000,1158.2,5160000,626.3,19570000,282.3,7920000,2084.3,30210000,689.9,3630000,,
2019/10/11,235.8,3490000,1338.9,7610000,1054.1,3570000,1180.3,3470000,640.5,13130000,281.4,5040000,2095.9,15260000,698.5,3040000,,
2019/10/14,240.9,2760000,1327.4,7580000,1064.1,3520000,1194.6,3890000,655.2,15760000,288,7040000,2106.9,19240000,709.6,2440000,,
2019/10/15,240.8,2200000,1336.4,7560000,1074.1,3890000,1187.4,5840000,653,9950000,285.8,4650000,2102.9,11480000,706.8,2720000,,
2019/10/16,242.9,2940000,1342.7,6970000,1081,3790000,1187.8,5010000,655.2,12740000,285.3,4010000,2123.9,17240000,704.1,1830000,,
2019/10/17,239.8,2630000,1342.3,7200000,1080.1,3710000,1190.6,3050000,657.2,10480000,281.8,5430000,2106.1,12350000,700.7,2310000,,
2019/10/18,241.3,4200000,1340.6,7080000,1076.9,3830000,1178.5,4310000,651.4,14120000,278.9,3620000,2081.9,25870000,697.2,1800000,,
2019/10/21,239.3,2190000,1336.2,5290000,1073.4,2790000,1175.7,3290000,656.8,8790000,276.5,3710000,2099.7,11320000,692.9,1750000,,
2019/10/22,242.1,3120000,1342.5,8130000,1084,3420000,1189,3590000,665.9,11190000,283.7,4930000,2116.1,19020000,702.2,2440000,,
2019/10/23,236.8,3410000,1338.4,6820000,1079.2,3060000,1174.1,3900000,662.1,10210000,277.7,5200000,2094.7,19440000,690.6,4590000,,
2019/10/24,237.5,2560000,1344,9300000,1081.8,3570000,1193.1,4330000,665.7,9910000,279.3,3830000,2110.6,30280000,691.9,2790000,,
2019/10/25,234.9,3120000,1350.1,9830000,1073.7,2320000,1193.4,4640000,658.6,8760000,279.3,3360000,2137.8,17360000,681.9,5050000,,
2019/10/28,235.5,2150000,1347.5,9590000,1064,3130000,1197.9,3520000,651.4,12170000,279.6,4540000,2156.3,13270000,678.5,2850000,,
2019/10/29,235,3100000,1359.3,8350000,1060.3,3450000,1194.8,3350000,653.9,10120000,278.4,4840000,2152.4,13660000,676.2,3080000,,
2019/10/30,236.3,5670000,1354.7,7560000,1086.6,6060000,1184.8,4770000,644.2,12710000,269.1,8950000,2130.4,15410000,666,4630000,,
2019/10/31,235.8,4510000,1357.2,8430000,1088.5,6270000,1188.3,4020000,638.9,12330000,267.3,10390000,2123.4,17100000,662.1,3280000,,
2019/11/01,235.7,3040000,1372.4,7360000,1096.7,4330000,1198.7,3270000,641.9,8370000,263.2,9130000,2146.4,13990000,663.6,5120000,,
2019/11/04,243.6,5910000,1385.1,8080000,1109.4,5470000,1208.7,4430000,655.4,14890000,267.8,6880000,2173.8,19570000,676.4,3840000,,
2019/11/05,247.8,5880000,1392.7,8000000,1108.6,4920000,1214.4,4800000,664.1,13980000,271.4,6670000,2193.3,18200000,684.8,2510000,,
2019/11/06,247.1,3760000,1390.9,8680000,1121.7,11780000,1206.4,4370000,658.6,10800000,267.1,5870000,2183.9,20940000,681.8,3440000,,
2019/11/07,246.8,3780000,1394.1,7250000,1123,8140000,1208.5,4380000,663.9,12490000,267.2,4250000,2176.2,15360000,682.4,3250000,,
2019/11/08,246.3,5090000,1387.8,6560000,1110.9,6180000,1223.4,4510000,670.4,14910000,270.9,4830000,2178.5,18450000,689.9,2600000,,
2019/11/11,243.4,3610000,1381.3,5940000,1103,4710000,1214.8,3650000,667.5,9830000,266.3,7990000,2147.3,14590000,683.3,3260000,,
2019/11/12,244.1,12280000,1395,9030000,1111,4070000,1215.1,3800000,670.8,10900000,266.8,4250000,2172.6,11910000,683,2740000,,
2019/11/13,241.1,4500000,1382.3,7740000,1099.2,4040000,1199.3,7250000,662.1,11670000,262.3,4600000,2168.2,10730000,675.1,3170000,,
2019/11/14,238.5,5870000,1396.8,7580000,1109.3,7180000,1210.6,4830000,663.4,16780000,263.8,4910000,2178.9,16910000,676.1,4060000,,
2019/11/15,242.8,4990000,1415,8980000,1114.5,5180000,1219,3650000,672.2,13780000,265.2,6230000,2212.4,17560000,683.2,5500000,,
2019/11/18,242.1,3330000,1411,6740000,1106.2,3780000,1221,3330000,670.2,10070000,264.3,4870000,2219.8,13150000,680.9,5750000,,
2019/11/19,241.5,3730000,1400.9,9170000,1102.7,4530000,1215.1,4140000,672.4,11480000,261.7,7920000,2219.8,14840000,676.7,3030000,,
2019/11/20,239.1,3920000,1392.4,8260000,1097.4,4900000,1195.8,4220000,677.2,14090000,258,7630000,2171.8,20240000,665,2270000,,
2019/11/21,235.7,4450000,1381.4,9580000,1095.3,4470000,1185.7,3900000,667.8,15950000,253.7,8040000,2139,23010000,659.4,2750000,,
2019/11/22,236.6,2740000,1382.6,8730000,1102,3000000,1168,5550000,672.9,24250000,253.3,6290000,2152.8,14460000,659.4,3450000,,
2019/11/25,240.7,3640000,1403.7,7490000,1106.9,3310000,1182.1,5400000,676.4,12020000,257.7,8720000,2170.6,14840000,676.4,2630000,,
2019/11/26,239.3,5400000,1381.2,11530000,1098.5,6800000,1183.9,8410000,676.3,25470000,263.6,8130000,2176.4,37950000,687.4,3440000,,
2019/11/27,239,2660000,1388.8,8400000,1100.9,3260000,1183.8,8010000,679.4,9890000,263.2,4240000,2177.7,11680000,683,14790000,,
2019/11/28,235.5,3410000,1391.4,6780000,1112.4,3560000,1176.9,11970000,680.2,8280000,263,4150000,2168.1,14550000,679.4,4520000,,
2019/11/29,231.7,3890000,1363,7340000,1104.2,6570000,1164.3,6090000,668.9,13070000,260.7,5680000,2133,19150000,671.6,6480000,,
2019/12/02,230.9,3170000,1368.1,6110000,1106,3610000,1168.1,5560000,671.8,8510000,260.3,4270000,2146.6,25370000,677.5,6450000,,
2019/12/03,231.1,3730000,1371.5,5830000,1109.3,3420000,1165.4,3760000,668.2,9480000,260.7,4830000,2137.3,27660000,670.9,4430000,,
2019/12/04,229.1,2980000,1373.3,6830000,1106.4,9610000,1142.2,3870000,667,17710000,257.5,4450000,2098.2,26580000,665.4,7610000,,
2019/12/05,228.8,2650000,1358.1,7410000,1091.7,4700000,1130.7,4100000,669.1,12960000,257.7,4920000,2103.7,19320000,663.2,3290000,,
2019/12/06,229.6,2770000,1365.5,6030000,1098.1,2970000,1139,3370000,670.3,21720000,260.5,4970000,2135.4,19300000,663.6,4200000,,
2019/12/09,228.9,3650000,1362.8,6910000,1091.8,3770000,1146.6,3860000,677.7,16360000,258.7,3880000,2149.6,21310000,664,2790000,,
2019/12/10,231.2,5390000,1375.6,5610000,1098,3450000,1150.5,2660000,678.1,13110000,260.3,3240000,2168.7,13810000,667.4,2760000,,
2019/12/11,231.9,6320000,1375.6,7350000,1100.4,3960000,1156.6,3380000,678.5,14620000,263.1,4260000,2178,18120000,670.3,3280000,,
2019/12/12,236.4,9190000,1391.3,17280000,1101.8,8370000,1170.3,6120000,692.3,26900000,266.2,7830000,2216.5,41150000,683.4,3130000,,
2019/12/13,240,6750000,1398,8520000,1102.3,6300000,1180.9,4860000,711.1,25050000,268.4,5840000,2262.8,29530000,691.9,5630000,,
2019/12/16,237.1,5080000,1391.9,6980000,1102,4150000,1188.6,3290000,698.3,19080000,267.4,5530000,2271.2,20000000,693,9820000,,
2019/12/17,234.7,6400000,1400.8,8990000,1105.3,4080000,1188.8,5660000,695.9,19600000,266.6,4850000,2313.5,33010000,700.8,4930000,,
2019/12/18,235,3490000,1410,7770000,1110.1,4950000,1189.1,3950000,705.7,14910000,267.9,4200000,2296.8,25290000,695.6,7060000,,
2019/12/19,236.9,3710000,1411.9,6430000,1113.2,3890000,1195.2,3010000,707.7,12860000,269.4,7690000,2299.7,23300000,692.9,6840000,,
2019/12/20,238.1,3900000,1415.1,7120000,1114.9,4640000,1209.1,4890000,705.1,17300000,270.7,5850000,2313.4,19230000,696.8,6960000,,
2019/12/23,237.7,3700000,1411.7,9640000,1111.9,2920000,1210.5,3290000,710.6,12560000,271.6,4100000,2304.7,14770000,695.3,7170000,,
2019/12/24,236.6,3740000,1403.2,5930000,1111.8,2810000,1211.4,3710000,706,13520000,269.7,3710000,2288.9,17560000,691.1,5650000,,
2019/12/26,237.3,4950000,1407.9,5610000,1108.5,4140000,1207.9,3580000,708.5,18160000,269.2,4120000,2297.2,15330000,693,8660000,,
2019/12/27,235.9,5300000,1398.9,7070000,1101.9,4190000,1201.4,3420000,687.8,20550000,269.2,4380000,2340.5,20110000,686.7,6070000,,
2019/12/30,236.7,2870000,1401.4,6000000,1106.9,3440000,1201.4,2780000,681.3,13050000,268.6,4220000,2324.5,14090000,686.8,6780000,,
2020/01/02,233.4,3830000,1373.9,7680000,1109.4,5170000,1179.5,3510000,666.8,12900000,265.1,3840000,2307.7,19190000,681.1,7670000,,
2020/01/03,232.8,4410000,1369.2,10700000,1102.8,4400000,1183.3,6280000,669.8,13370000,268,5400000,2307.3,23910000,683.2,8880000,,
2020/01/06,225.7,5350000,1359.3,6920000,1090.2,4000000,1163.8,4920000,659,13460000,262,5740000,2301.6,17140000,668.6,4940000,,
2020/01/07,227.1,4540000,1375.9,7520000,1121.1,5210000,1171.3,4360000,664.1,13210000,262.7,3630000,2312.7,16980000,670.8,5480000,,
2020/01/08,218.9,10090000,1344,10440000,1100.3,7110000,1123.2,7440000,650.8,20880000,254.4,9620000,2313.4,38300000,657.8,7830000,,
2020/01/09,223,7820000,1347.8,12290000,1101.5,5610000,1136.4,8080000,652.4,20570000,263.1,5990000,2359.6,36600000,663,8940000,,
2020/01/10,223.7,4580000,1348.7,9920000,1111.8,4610000,1151.4,11240000,649.1,16070000,267,8880000,2394.6,26130000,663.3,10050000,,
2020/01/13,225.9,5400000,1360.7,9480000,1137.9,5810000,1159.4,5870000,650.2,14160000,270.1,8590000,2430,21490000,668,7710000,,
2020/01/14,226.3,4520000,1368.2,10370000,1146.8,4870000,1170.7,5840000,660.4,19500000,268.1,6220000,2450.9,27870000,678.8,11320000,,
2020/01/15,230.2,5830000,1369.9,8280000,1152.8,4720000,1161.3,3800000,659.5,12080000,270.5,5990000,2429.4,21870000,680.9,14200000,,
2020/01/16,228.9,4490000,1380.1,18450000,1150,3940000,1153.2,4800000,659.1,12890000,267.7,6510000,2452.7,22090000,676.5,18240000,,
2020/01/17,230.1,3730000,1377.3,10010000,1149.8,3750000,1157.5,4550000,656.7,13160000,266.5,5830000,2460.9,23470000,674.9,44830000,,
2020/01/20,229.8,4100000,1374.2,9010000,1133.5,7700000,1176.4,5350000,660,13130000,265,4550000,2496.6,21050000,679,15860000,,
2020/01/21,230,5080000,1359.1,7440000,1120.9,4650000,1163.6,3940000,655.9,10550000,262.4,4110000,2477,16510000,675.6,9970000,,
2020/01/22,229.6,3840000,1400.1,11930000,1129.9,3860000,1171.8,5850000,655.5,11350000,263.3,4900000,2519.9,24270000,674.8,11900000,,
2020/01/23,225.5,4830000,1419.8,14280000,1114.1,5120000,1152.5,5350000,651,12950000,259.2,8320000,2477.7,22980000,667.7,10980000,,
2020/01/28,217.1,6430000,1377.6,16830000,1066.8,7710000,1103.6,7880000,626.3,20790000,248,11870000,2422.4,34500000,636,13310000,,
2020/01/29,219.4,4910000,1375.6,10990000,1082.3,6340000,1107.2,5970000,622.3,13300000,247.8,6550000,2445.2,24420000,636.3,11540000,,
2020/01/30,215.3,5210000,1352.4,10780000,1061.6,5190000,1112.3,6890000,618.9,21420000,243.2,7000000,2398.2,31640000,627.9,13210000,,
2020/01/31,211.6,5920000,1326.2,10760000,1053,5280000,1099.1,7030000,613.8,18660000,238.2,6520000,2355.2,33840000,618.6,13810000,,
2020/02/03,207.5,6960000,1314,12820000,1048,6160000,1090.5,6570000,611.6,17300000,235,8200000,2373.8,36310000,606.1,31290000,,
2020/02/04,210.5,5270000,1323.2,11380000,1053,5470000,1126,7640000,609.5,17990000,236.2,8370000,2465.1,34950000,610.4,9210000,,
2020/02/05,210.6,5710000,1316.7,11360000,1051.7,6470000,1145.1,9710000,616.8,17370000,232.2,8290000,2476.1,30660000,614.6,17110000,,
2020/02/06,220.5,8690000,1373.7,13380000,1072.3,6240000,1175,8420000,631.8,17230000,251.5,12390000,2541.5,26530000,651.3,7270000,,
2020/02/07,219.2,6950000,1360.6,30440000,1067.7,4570000,1165.9,4730000,622.9,14860000,247.3,7490000,2518.5,24280000,654.2,8370000,,
2020/02/10,218.1,3340000,1354.4,7650000,1066.3,3340000,1167.1,4130000,612.5,15470000,248.5,5480000,2512.4,19700000,654,6110000,,
2020/02/11,220.5,3860000,1383.9,10940000,1079,4370000,1205,8730000,615.7,14290000,248.7,4730000,2567.6,20510000,655,5580000,,
2020/02/12,221.7,5670000,1407.4,18090000,1093,5260000,1197.8,19410000,619.5,20420000,249.5,5860000,2585.1,24020000,652,6740000,,
2020/02/13,217.6,6580000,1387.2,13330000,1092.3,7180000,1190.1,9600000,610.1,20390000,244.7,7600000,2589,32200000,651.3,11640000,,
2020/02/14,213.1,5670000,1383.5,10010000,1084.5,4290000,1185.4,6310000,607.6,13430000,244,7280000,2611.1,20620000,651.3,8800000,,
2020/02/17,213,4440000,1377,8930000,1093.3,4320000,1187.8,5670000,602.2,12530000,244.5,8450000,2618.7,14830000,655.3,12160000,,
2020/02/18,210.6,4920000,1358.9,9180000,1081.8,4120000,1179.1,5430000,595.8,13260000,242.8,5940000,2579.5,27590000,650,5900000,,
2020/02/19,208.3,6250000,1352.3,8920000,1080.3,4920000,1162.3,5540000,593.3,17020000,241,6730000,2592,20800000,654,7620000,,
2020/02/20,206.1,6180000,1331.2,10180000,1060.7,6500000,1163.6,7540000,591.8,15670000,238.3,7020000,2591.8,23600000,639.9,13010000,,
2020/02/21,201.2,6810000,1310.4,15340000,1051.8,5530000,1137.7,8670000,583.9,19590000,231.2,7780000,2552.7,23460000,626.9,9510000,,
2020/02/24,191.7,10040000,1255.7,14530000,1012,8050000,1090.1,7390000,560.2,23480000,218.9,11110000,2454,38540000,601,8930000,,
2020/02/25,196.3,7040000,1265.4,11810000,1015.5,9040000,1096.2,6430000,565.5,20680000,225.5,8400000,2461.2,38040000,603.9,11010000,,
2020/02/26,196.9,8680000,1260.1,12490000,1004.2,7950000,1085.3,5880000,562.3,21560000,224.5,6500000,2404.5,39790000,600,7220000,,
2020/02/27,193.4,9630000,1251.6,10500000,994.9,7790000,1067.6,6480000,564.5,17840000,223.5,6190000,2362.6,36120000,599.4,6220000,,
2020/02/28,189.1,36470000,1203.5,17520000,960.8,13190000,1025.9,8630000,550.6,35800000,217,10480000,2260.9,49900000,582.4,7510000,,
2020/03/02,187.4,43470000,1194.4,13270000,963.1,10700000,1032.9,5780000,543.6,19660000,217.8,6960000,2318.6,44910000,577.3,9560000,,
2020/03/03,188.9,34400000,1190.5,11820000,967.9,8050000,1044.6,6090000,541.4,19520000,218.1,6830000,2335.2,44420000,577.2,18480000,,
2020/03/04,191.1,102200000,1211.5,11770000,980.5,8800000,1057.7,6320000,549.4,22590000,221.2,5790000,2386.6,36460000,583,7300000,,
2020/03/05,195.8,18630000,1228.5,28910000,997.3,7720000,1072.8,5910000,549.2,22090000,227.4,6650000,2418.4,33290000,592.5,5710000,,
2020/03/06,190.8,38660000,1192.6,15520000,983.6,6460000,1043.5,5460000,534.6,24490000,220.7,6710000,2365.2,28390000,576.9,4750000,,
2020/03/09,179.7,27010000,1143.1,15490000,973.1,14140000,982.1,9960000,504.7,29760000,204.4,21360000,2235.5,46430000,550.5,5330000,,
2020/03/10,179.8,14410000,1131.2,15990000,971.1,11090000,990.7,8720000,501.9,30840000,202.8,14010000,2267.5,50230000,549.8,5330000,,
2020/03/11,175.5,14190000,1114.3,13540000,946,10310000,973.4,7020000,500,29760000,198,30650000,2192.7,60370000,539.2,4380000,,
2020/03/12,165.1,20360000,1062.9,22340000,911.8,12890000,913.2,11580000,475,40380000,184,26520000,2105.5,71540000,518.1,3620000,,
2020/03/13,156.3,21220000,1004.1,29920000,884.1,14750000,876.2,14710000,455.6,44750000,166.9,37250000,2060.2,87690000,495.9,3560000,,
2020/03/16,151.8,11460000,968,16450000,871,8680000,826.3,8510000,441.5,28070000,161.4,17890000,1969.6,49910000,477.6,3920000,,
2020/03/17,146.9,14990000,940.9,19340000,865.6,11390000,811.2,9330000,413.4,37560000,161.1,19360000,1925.4,69970000,461.8,5140000,,
2020/03/18,133.5,19310000,882.5,18590000,854.3,9750000,754.6,9520000,395.6,36240000,149.4,15860000,1797.4,60220000,429.8,5420000,,
2020/03/19,115.8,26000000,802.2,26300000,803.8,13390000,638.6,17810000,355.4,50820000,130,24680000,1644.7,88950000,382.7,8420000,,
2020/03/20,130.8,18590000,853.3,26650000,831.3,11410000,729.2,13750000,390.8,50200000,141.4,23230000,1793.6,74200000,404.4,9250000,,
2020/03/23,119.6,12020000,791.3,19160000,790.9,9160000,683.2,10670000,362.5,40130000,129.4,16480000,1697.1,62500000,381.1,18300000,,
2020/03/24,129.1,12700000,854.9,20650000,843,9340000,757.3,11240000,387,43520000,140.4,16660000,1888.8,71910000,419.2,17760000,,
2020/03/25,141.7,20790000,947.9,28280000,869.6,12140000,844,15220000,432.6,69070000,154.4,30280000,1997,77880000,459.7,7280000,,
2020/03/26,144.1,18810000,942.3,25790000,864.7,11180000,832.4,16400000,432.4,76150000,154,25650000,1937.1,63770000,460.5,8960000,,
2020/03/27,145.4,15910000,956.6,20730000,873,8840000,854.9,12640000,453.4,52970000,156.7,33190000,1970,62170000,471.5,13900000,,
2020/03/30,147.6,10820000,938.7,15890000,875.1,8180000,857.2,9940000,445.8,34510000,154.6,14880000,1966.3,41190000,469.8,5690000,,
2020/03/31,155.1,17280000,964,23320000,892.1,8520000,877.3,12460000,455.6,37810000,160.8,24390000,1954.7,46560000,473.6,7240000,,
2020/04/01,148.7,20920000,932.8,18460000,860.9,9890000,841.7,11020000,427.1,32540000,160.4,41190000,1870.4,43310000,460.9,8050000,,
2020/04/02,158.7,21080000,943,16660000,885.3,7690000,873.6,12780000,439.1,29510000,165.7,18480000,1901.7,34420000,473,6580000,,
2020/04/03,158,18850000,935.8,12750000,899.8,7210000,862,12350000,433.1,28690000,166.5,30260000,1899.8,33990000,476.9,7230000,,
2020/04/06,161.8,14690000,977.2,25180000,934.5,9050000,892.8,9640000,450,28060000,174.7,21580000,1990.7,38060000,487.9,8610000,,
2020/04/07,164.2,15210000,1005.8,31690000,942,9160000,906.9,11730000,458.1,38060000,177.1,21550000,2043.8,51070000,498.3,3970000,,
2020/04/08,165.6,12270000,1002,20660000,939.9,7590000,906.4,11410000,448.4,35890000,173.7,14150000,2022.3,39670000,493.6,4400000,,
2020/04/09,169.3,10690000,1048.7,24990000,948.3,7650000,931.7,9330000,454.6,34820000,179.2,17060000,2044.7,34310000,503.5,9810000,,
2020/04/10,171.7,11140000,1072.3,20850000,947.7,10140000,945.6,10180000,474.9,131060000,183.4,32660000,2032.5,29790000,522.1,6450000,,
2020/04/13,170,8840000,1039,15950000,942.7,10270000,923.8,14510000,466.4,71600000,178.3,22620000,1972.5,25080000,515.3,4930000,,
2020/04/14,174.8,11760000,1053.7,12830000,955.6,7920000,946.3,11110000,476.1,32230000,182.5,26520000,2014.5,26540000,525.6,3030000,,
2020/04/16,173.3,12070000,1045.9,16320000,947.9,8940000,958.2,8190000,462.9,37410000,180.6,24850000,2050.5,36270000,527.5,3660000,,
2020/04/17,176.8,11780000,1072.4,22390000,969.7,8520000,988.9,10310000,473,116800000,183,18710000,2136.1,53530000,530.9,3760000,,
2020/04/20,179.4,14770000,1063.7,19150000,970.8,8210000,984.3,8480000,467.2,38150000,187.8,40090000,2096.5,35190000,531.3,3200000,,
2020/04/21,178,15320000,1044.9,20540000,968.2,12330000,980.8,12300000,460.5,41760000,182.4,51710000,2081.7,42680000,522.3,4980000,,
2020/04/22,183,24320000,1044.1,20330000,986.8,9850000,977.7,7400000,459,28360000,182.2,30910000,2108,32260000,518.1,6150000,,
2020/04/23,183.2,11890000,1051.3,17730000,1022.8,9180000,1001.2,8660000,460.3,30290000,184.1,18920000,2100.1,33180000,519.7,7910000,,
2020/04/24,177.8,10900000,1026.1,14890000,1010,9810000,980.2,7430000,454.1,22570000,180.3,12990000,2060.4,25780000,521,4870000,,
2020/04/27,181.4,10150000,1044.5,13470000,1032.6,13450000,996.8,6200000,490.5,47850000,182.6,11300000,2090.4,23940000,528.1,6680000,,
2020/04/28,185.1,8800000,1064.5,18470000,1036.1,16580000,1002.4,8180000,492.3,43370000,181.9,23720000,2098.5,26090000,528.9,6360000,,
2020/04/29,188.6,12930000,1079,17880000,1042.9,28280000,1018.3,8010000,499.8,48020000,188.4,20150000,2118.2,26900000,541.8,7500000,,
2020/05/04,182.6,14430000,1047.7,16100000,1019,18450000,976.3,8100000,480.3,37260000,183.4,14160000,2056.8,38540000,519.8,5840000,,
2020/05/06,186,9650000,1069.1,12520000,1031.6,11290000,989.8,8310000,483,30560000,189.8,13640000,2097.4,26670000,524,4890000,,
2020/05/07,185.4,14320000,1057.3,11130000,1037.1,10610000,986.2,6060000,482.2,21580000,189.3,9050000,2106.8,21830000,527,5070000,,
2020/05/08,185.8,8410000,1082.4,18710000,1036.5,9490000,988.7,6450000,486.1,22530000,190.3,10390000,2136.2,27220000,532.2,5120000,,
2020/05/11,183.5,9050000,1071.9,19450000,1029.3,8680000,975.6,14370000,478.9,22830000,188.2,23120000,2129,23710000,528,5100000,,
2020/05/12,180.2,8190000,1047.8,19700000,1020.3,9990000,960.7,13710000,468.6,25940000,184,15410000,2123.7,33410000,514.5,6960000,,
2020/05/13,180.4,6810000,1052,15390000,1036.7,8040000,978.4,9400000,474.2,23360000,184.5,10500000,2163.3,34280000,517,5300000,,
2020/05/14,177.2,7670000,1039.7,13940000,1049.9,13860000,966,10900000,468.6,35400000,181.9,11780000,2130.8,34240000,508.6,5360000,,
2020/05/15,179.7,52420000,1044.8,11650000,1051.7,13270000,973.2,11300000,474.9,23920000,183.1,48330000,2133.3,28580000,507.8,5140000,,
2020/05/18,180.3,79620000,1044.4,15660000,1040.6,13640000,1003.2,8860000,470.8,21690000,182.6,12400000,2156.6,33450000,509.4,4950000,,
2020/05/19,185.3,25800000,1107.1,39980000,1042.6,10140000,1026.3,15300000,486.6,42440000,190,42230000,2203.3,37480000,531.8,7160000,,
2020/05/20,186.3,16920000,1101.2,21670000,1041.3,7790000,1045.8,11820000,483.7,21590000,189.9,14700000,2228.8,24400000,531.4,11070000,,
2020/05/21,185.7,15780000,1104.6,18940000,1041.9,7610000,1072.8,18430000,482.2,27760000,192,16240000,2227.4,28200000,533.7,12680000,,
2020/05/22,184,36270000,1083.3,13540000,1038.2,7670000,1055.4,11830000,472,26010000,186.5,14430000,2187.2,31860000,520.2,12640000,,
2020/05/25,184.6,11780000,1092,10370000,1053,7360000,1086.1,11370000,475.7,16110000,191.9,15880000,2223,27850000,518.3,13850000,,
2020/05/26,191.8,21210000,1126.2,17480000,1049.3,7060000,1151.4,16510000,487.4,29450000,195.5,16520000,2302.2,30280000,533.3,15640000,,
2020/05/27,197.3,17880000,1130.9,20470000,1049.5,6340000,1136.3,14300000,492.1,35950000,208.3,77740000,2271.7,33820000,543.9,9780000,,
2020/05/28,193,19090000,1110.1,19930000,1034.9,8990000,1110.3,13050000,501.9,62620000,202.3,30940000,2281.3,52890000,539.1,5920000,,
2020/05/29,196.4,20070000,1130.2,23760000,1038.3,9210000,1101.6,10600000,500.4,92830000,205,20230000,2274.6,44400000,538.9,4550000,,
2020/06/01,198.2,21180000,1156.4,16220000,1045.3,6900000,1125.6,8020000,509.2,34510000,211.5,22060000,2314.6,29080000,543.6,5260000,,
2020/06/02,202.6,16120000,1187.1,20330000,1054.2,6660000,1130.5,9610000,533.8,48410000,225.2,90760000,2327.7,28260000,556.5,4950000,,
2020/06/03,208.9,24740000,1226.5,27940000,1063.2,11940000,1150.4,11360000,566,76090000,240.8,172170000,2396,75550000,606,5000000,,
2020/06/04,205.6,15900000,1221.9,25020000,1064.6,12860000,1155,13000000,550.5,57250000,237.6,126080000,2407.7,61030000,604.4,6120000,,
2020/06/05,209.1,10290000,1238.4,19400000,1071.2,6760000,1185.6,14970000,556.7,41150000,237.2,63550000,2443.3,35180000,612.3,5090000,,
2020/06/08,207.1,9150000,1247.1,26210000,1066.8,8770000,1190,12390000,556.2,33360000,244.1,93870000,2449.3,39780000,613.4,6350000,,
2020/06/09,204.8,17050000,1234.9,22860000,1064.6,9460000,1189.3,30250000,553.7,32140000,239.6,42160000,2463,38160000,608.9,8460000,,
2020/06/10,204.6,11910000,1227.2,15370000,1063.5,9410000,1194.1,15500000,543.3,31250000,239,52880000,2496,30830000,607.8,7640000,,
2020/06/11,199.9,17680000,1205.1,23310000,1051.2,10650000,1191.8,15190000,528.4,48900000,236.3,36130000,2468.1,53600000,601,10770000,,
2020/06/12,192.4,12120000,1173.1,19000000,1032.2,10340000,1190,15510000,508.1,41440000,226.2,27200000,2404.2,42400000,569,9120000,,
2020/06/15,179.8,11020000,1105.2,20990000,985.2,13090000,1152.7,22430000,485.2,37750000,206.3,35570000,2265.5,43970000,519.3,15180000,,
2020/06/16,191,10270000,1170.4,15390000,1025,8190000,1232,15610000,516.7,32200000,225.8,82280000,2393.5,33070000,553.2,7880000,,
2020/06/17,190.8,9180000,1155.3,14230000,1018,8390000,1255.2,14620000,509.1,28790000,224.5,123100000,2440.4,39940000,548.9,6510000,,
2020/06/18,190.4,6420000,1152.3,10570000,1011.2,5350000,1246.1,9520000,507.9,24580000,228.3,46250000,2407.8,24090000,545.4,4550000,,
2020/06/19,195.2,7050000,1141.4,11350000,1011.7,6130000,1254.2,11190000,509,30260000,227.8,53090000,2425.5,28270000,547.1,5190000,,
2020/06/22,197,17380000,1121.1,10110000,999.4,6270000,1249,8840000,499.4,21640000,222,23040000,2394.7,21120000,534.3,10520000,,
2020/06/23,193.7,9060000,1130.1,12780000,1005.6,8230000,1265.2,13740000,496.7,26020000,217.6,25530000,2391.7,28970000,528.7,5160000,,
2020/06/24,196.7,8340000,1161.5,12370000,1012.2,6820000,1265.1,13720000,501,23220000,221.6,57900000,2427.6,36050000,531.5,6550000,,
2020/06/25,191.4,8680000,1122.6,11550000,983.3,6660000,1243.6,14520000,483.8,27930000,214.6,22980000,2365.8,31980000,513,10350000,,
2020/06/26,190.9,7580000,1135.5,31890000,1000.3,6160000,1254.2,10340000,490.3,18590000,215.6,19800000,2388.3,30430000,516.7,4490000,,
2020/06/29,186.9,6910000,1109.4,13610000,981.6,5860000,1231.7,15430000,477.8,20270000,215.5,22580000,2341.3,25960000,503.7,2400000,,
2020/06/30,189.5,7510000,1120.1,31930000,1004.2,14550000,1236,11460000,480.3,20160000,219,33740000,2354.3,31850000,508.3,3370000,,
2020/07/01,189.9,6250000,1118.2,16610000,997.7,5810000,1241.6,21050000,488.4,16030000,215.4,18440000,2369.3,24140000,516.8,11350000,,
2020/07/02,192.7,5170000,1130.1,10800000,1019.9,5790000,1233.5,16010000,490.9,13110000,218.3,12070000,2377.5,21180000,528,5820000,,
2020/07/03,195.1,5940000,1129.4,8740000,1024.8,6080000,1236.4,9060000,493.3,12240000,219.4,11940000,2404.2,18440000,533.5,10940000,,
2020/07/06,197.3,7070000,1153.6,13510000,1023.1,6060000,1243.4,11750000,501.6,17750000,219.6,12900000,2455.6,34610000,541.8,1820000,,
2020/07/07,194.6,6890000,1137.9,14860000,1018.3,9230000,1243.6,10060000,497.6,20870000,215.2,14780000,2418.6,44670000,539.5,2240000,,
2020/07/08,195.1,5630000,1139.1,11310000,1012.3,5830000,1240.5,11270000,494.2,16660000,214.8,13520000,2401.1,29030000,547.2,2210000,,
2020/07/09,196.4,6950000,1132.9,12950000,1014.3,6390000,1259.3,24460000,491.5,22840000,214.2,11510000,2414.4,27780000,547.1,3940000,,
2020/07/10,193.4,6530000,1109.1,11880000,1001.7,7320000,1235.8,13150000,477.8,22390000,207.2,13990000,2404.1,23090000,532,3950000,,
2020/07/13,198,6020000,1144.7,10530000,1019.7,10800000,1268.2,13450000,493.6,23630000,213.9,14520000,2429.8,20030000,540.9,2020000,,
2020/07/14,196.9,4580000,1152.6,9470000,1030.9,6550000,1243.3,14140000,492.2,17320000,211,8160000,2441,22510000,535.6,2850000,,
2020/07/15,200.3,10710000,1185,18820000,1024.1,7560000,1257.4,12050000,499.6,28820000,215.4,17870000,2471.9,36510000,548.6,3430000,,
2020/07/16,201.6,6050000,1186.6,14680000,1031.2,7950000,1249.7,12260000,506.5,28370000,215.4,9630000,2438.9,24560000,551.8,4850000,,
2020/07/17,200,4540000,1219.9,14750000,1028.9,5010000,1240.4,7700000,505.6,25050000,214,8780000,2449.6,16400000,552.5,3370000,,
2020/07/20,201.9,5210000,1234.1,16350000,1026.5,7170000,1236.5,10480000,513.1,24050000,215.1,26380000,2435.3,16760000,566,2870000,,
2020/07/21,200.9,7220000,1225.5,15970000,1043.8,8830000,1269.2,19650000,515.7,27190000,228.5,179010000,2479.2,30580000,573.2,2810000,,
2020/07/22,201.4,8580000,1206,13900000,1034.9,8150000,1298.3,24290000,513.1,38050000,225.1,155380000,2475.7,23000000,598.5,2900000,,
2020/07/23,198.9,7970000,1213,16670000,1019,9520000,1285.6,22370000,506.8,26430000,222.7,51060000,2452.3,25890000,587.4,3250000,,
2020/07/24,198,8470000,1194.1,14120000,1011.5,5660000,1273.3,24120000,503.7,17720000,220.6,29850000,2428.6,20950000,576.6,2590000,,
2020/07/27,197.4,8190000,1202,11540000,1016.5,6560000,1283.3,15870000,504.6,15860000,222.9,36870000,2448.1,28450000,595.3,2860000,,
2020/07/28,197.1,13430000,1204.7,11950000,1015.3,6890000,1286.8,11460000,505.7,20860000,228.8,40670000,2513.7,65020000,595.7,3330000,,
2020/07/29,196.9,7760000,1229.8,15600000,1024.9,5230000,1278.5,18690000,512.3,22170000,229.7,40820000,2499,47550000,595.5,2060000,,
2020/07/30,197,13650000,1246.1,30380000,1026.3,5860000,1279.5,11610000,510.6,20230000,230.3,22440000,2507.2,33830000,590,4020000,,
2020/07/31,197.1,10040000,1225.9,40640000,1023.4,6140000,1289.7,9360000,502.8,25890000,227.8,21990000,2491.1,33610000,581.8,2980000,,
2020/08/03,196.3,7690000,1213.4,18770000,1017.3,5860000,1329.5,11440000,500.6,18100000,219.9,41310000,2515.4,33070000,577.8,3910000,,
2020/08/04,203.2,20520000,1242.1,16280000,1024.3,5470000,1362.1,15660000,507.4,33980000,222.5,39800000,2544.3,30550000,588.9,4310000,,
2020/08/05,203.9,17930000,1253.3,16930000,1029.2,6620000,1440.8,21420000,508.1,33980000,222.2,14790000,2628.7,30270000,590.7,3820000,,
2020/08/06,206.1,18990000,1303,19140000,1050.1,7580000,1461.9,47120000,517.6,39300000,222.8,17960000,2640.2,32080000,613.9,3760000,,
2020/08/07,207.9,13820000,1308.9,19250000,1063.6,9780000,1546.8,31320000,513.4,27870000,221.9,95430000,2666.6,31030000,610.5,5130000,,
2020/08/10,208.7,14590000,1399,31210000,1068,8460000,1568.3,33100000,531.7,50580000,223.6,30950000,2688.9,34660000,614.4,7300000,,
2020/08/11,213.4,20830000,1438.9,28020000,1110,25730000,1596.1,31690000,550.4,57020000,231.6,31820000,2671.4,37180000,633.7,6770000,,
2020/08/12,213.9,11210000,1435.8,52520000,1116.1,15910000,1584.2,21540000,564.6,52920000,232.5,31500000,2706.3,31750000,632.2,4890000,,
2020/08/13,212.9,16740000,1440.4,41770000,1128.5,23120000,1582.9,15870000,578,70700000,229.6,20090000,2697.6,41260000,624.5,5970000,,
2020/08/14,210.9,10190000,1424.9,25880000,1139.5,25060000,1525.9,15090000,560.7,39140000,237.1,72710000,2645.8,29730000,626.6,3350000,,
2020/08/18,199.9,12850000,1357.1,23920000,1087.6,19240000,1472.8,19560000,535.4,42480000,223.5,34670000,2576.5,41190000,598.3,6710000,,
2020/08/19,201.5,9160000,1385.5,19330000,1100.1,9930000,1487.8,11330000,541.6,26350000,225.3,20160000,2566.8,33800000,602.6,2420000,,
2020/08/20,193,13250000,1315.1,19690000,1066,13560000,1423.7,15620000,518.1,35680000,217.9,54020000,2459.5,48290000,573.9,3390000,,
2020/08/21,194.6,7550000,1337.1,19620000,1077.2,8840000,1452.6,11630000,524.1,22500000,218.6,18490000,2532.2,41920000,581.8,8090000,,
2020/08/24,196.2,8820000,1358.9,15510000,1079,6800000,1463.4,11030000,526.2,17790000,217.6,14550000,2582.2,40390000,587.8,2030000,,
2020/08/25,200,8510000,1390.9,39560000,1092.7,10900000,1518.6,19940000,541.6,29530000,224.5,24350000,2609.7,28510000,597.8,1860000,,
2020/08/26,200.7,14030000,1388.2,26980000,1077,8060000,1535.9,14470000,533.4,22420000,221.7,17350000,2624,35080000,583.5,2170000,,
2020/08/27,196,15970000,1353.9,16710000,1068,8520000,1519.3,15740000,524.8,21840000,217,18930000,2620.2,29780000,568.6,2710000,,
2020/08/28,203,10100000,1391.2,22380000,1070.7,8080000,1531,12550000,532.6,25700000,224,108210000,2605.5,26120000,572.1,2510000,,
2020/08/31,200.9,30450000,1388.3,27240000,1058.1,11430000,1504.8,19390000,523.3,33380000,227.6,94300000,2538.8,46450000,567.3,3090000,,
2020/09/01,207.3,17030000,1424.7,17060000,1075.1,10760000,1513.6,65120000,534.6,27530000,229.3,36350000,2564.4,28160000,574.2,2180000,,
2020/09/02,207,13390000,1413.5,17380000,1075.8,7840000,1517.5,39050000,538.4,27110000,231.7,58620000,2573.9,27080000,579.5,2300000,,
2020/09/03,206.1,13700000,1413.6,14670000,1067.8,7480000,1557.4,71590000,535.3,20650000,231.8,27720000,2602.7,44040000,575.9,2470000,,
2020/09/04,204.3,10670000,1389.9,17480000,1052.4,8250000,1559.1,83710000,526.8,23780000,228.3,51400000,2565.9,35890000,566.9,1930000,,
2020/09/07,208.2,13600000,1384.6,12480000,1057.4,6270000,1563.4,43300000,535.4,26160000,234.6,84240000,2571.2,34260000,576.6,1570000,,
2020/09/08,206.6,10140000,1383.2,17400000,1065.6,7400000,1530.6,30680000,533.2,30850000,231.4,38630000,2626.6,46970000,576.8,1660000,,
2020/09/09,203.8,8180000,1369.4,13140000,1061.2,6550000,1516.8,35300000,526.5,27820000,225.7,23990000,2631.7,47430000,569.1,1300000,,
2020/09/10,202.9,9150000,1373.5,12820000,1071.2,8480000,1551.1,23250000,528.2,23420000,230.3,39910000,2645.1,43720000,571.9,2540000,,
2020/09/11,201.3,10570000,1389.3,11530000,1075.3,5600000,1526.6,18210000,530.5,18850000,233,25860000,2655.3,27710000,569.4,1790000,,
2020/09/14,202.7,11640000,1435.5,19600000,1079.6,6100000,1540.5,20790000,538.3,18630000,234.4,17250000,2686.4,32310000,580,2780000,,
2020/09/15,200.7,7870000,1435.1,15250000,1080.7,6800000,1545,18550000,538.6,21020000,233.3,13770000,2717.4,30610000,581,2580000,,
2020/09/16,200.3,6120000,1459,17790000,1079.3,6940000,1508.6,17580000,536,16630000,233.5,20340000,2698.7,25910000,581,2110000,,
2020/09/17,197.7,6600000,1469.2,33030000,1073.9,6880000,1474.8,19360000,532.5,17230000,231.9,22010000,2684.9,36120000,580.8,1860000,,
2020/09/18,200.4,8000000,1454,16540000,1076.4,5070000,1486.4,11710000,529.6,19550000,230.3,19920000,2702.6,28960000,580.3,1600000,,
2020/09/21,197,7270000,1468.2,23750000,1071.9,7110000,1451,21150000,524.9,17420000,227.9,25540000,2682.2,25050000,574,1580000,,
2020/09/22,192.3,15030000,1420.3,23080000,1047.3,6970000,1418.5,19520000,514.5,24000000,224.5,146350000,2625.9,31140000,561.6,2490000,,
2020/09/23,190.9,22430000,1414.3,21490000,1043,6180000,1404,19560000,514.6,19600000,221.1,41430000,2634.2,30690000,560.5,1980000,,
2020/09/24,182.7,15550000,1363.7,17950000,1022.5,7000000,1344.2,19070000,509.3,20950000,214.6,33290000,2563.2,30760000,541.1,2400000,,
2020/09/25,182.9,8150000,1362.6,13270000,1022.5,4700000,1360.1,14310000,512,15620000,217.6,46520000,2576.3,20300000,547.8,2850000,,
2020/09/28,186.1,6360000,1397.9,11210000,1046.1,4160000,1378.9,12700000,515.7,11280000,220.8,84920000,2605.8,20400000,553,3440000,,
2020/09/29,189.6,6890000,1421.2,11860000,1049.1,4940000,1407.1,13350000,519.5,18800000,224.1,25400000,2634.3,25430000,559,2550000,,
2020/10/05,193.1,6120000,1468.9,17710000,1067.3,5650000,1449.7,15730000,531.9,24730000,227,17840000,2653.9,28250000,588.4,2270000,,
2020/10/06,191.7,6410000,1452.5,15140000,1066.6,6620000,1460.6,12500000,530.2,18170000,225,14810000,2661.5,23710000,585.1,3910000,,
2020/10/07,192.9,5570000,1457.7,12080000,1070.3,5600000,1485,12100000,536.3,15980000,227.2,15110000,2691.3,22130000,586.2,2370000,,
2020/10/08,193.3,6840000,1448.1,14490000,1078.5,8990000,1532.9,23930000,537,22230000,227.7,16780000,2687.8,35880000,596,4580000,,
2020/10/12,193.8,5530000,1455,16960000,1093.7,9180000,1531.7,15380000,541.7,20090000,228.1,13730000,2690.7,25890000,592,3310000,,
2020/10/13,192.3,4800000,1460.7,14870000,1079.9,5880000,1502.3,11770000,536.6,15270000,225.7,12410000,2716.3,31300000,596.5,4260000,,
2020/10/14,189.1,5790000,1440.7,12480000,1072.5,7410000,1477.5,17030000,526.4,17810000,221.1,11490000,2689.6,26930000,586.6,5670000,,
2020/10/15,189.9,6090000,1431.1,10450000,1075.1,7070000,1478.1,12450000,525.8,15780000,219.1,13310000,2657.3,25680000,599.7,8980000,,
2020/10/16,192.6,7610000,1406.4,14820000,1082,12610000,1458,10450000,525.8,15800000,219.2,11380000,2621.2,23570000,601.2,3510000,,
2020/10/19,193.6,9020000,1396.8,13970000,1086.7,11720000,1436.4,10200000,539.8,27380000,226.7,18580000,2625.4,21560000,608.1,4460000,,
2020/10/20,194.2,8590000,1410.1,18490000,1080.6,7730000,1447.5,10530000,540.6,18490000,226.1,15640000,2666.5,29810000,605.9,5320000,,
2020/10/21,195.2,6280000,1402.2,13800000,1089.3,8810000,1466.3,13630000,549.2,23320000,229.1,13180000,2657.3,23850000,614.2,2310000,,
2020/10/22,195.1,6500000,1394,12380000,1086.6,6470000,1462.9,10580000,561.7,38620000,229.8,15230000,2624.9,20820000,623.7,2770000,,
2020/10/23,195.8,9490000,1409.8,13260000,1080.6,6480000,1474.8,7700000,573.6,85620000,230.4,10870000,2624.4,17570000,628.7,2190000,,
2020/10/26,192.6,8790000,1447.4,24910000,1060.7,7490000,1448.1,9510000,569.2,34970000,226.8,11020000,2611.2,22410000,619.5,2830000,,
2020/10/27,190.8,7240000,1459.5,27960000,1053.1,6850000,1434.7,10720000,557.2,37940000,223.8,9760000,2622.4,24640000,608.3,2770000,,
2020/10/28,195.3,5790000,1474.1,12810000,1050.2,4610000,1461.4,11380000,565.9,22730000,225.6,7750000,2619.3,20260000,609.1,2310000,,
2020/10/29,190.8,6420000,1437.3,15040000,1042.1,6730000,1454.2,10600000,557.7,25160000,222.8,12250000,2585,30030000,597.2,3330000,,
2020/10/30,190.6,36490000,1389.8,14900000,1021.1,7080000,1399.6,10980000,543.8,26080000,220,12650000,2546.4,35740000,586.7,2550000,,
2020/11/02,191.3,12810000,1418.1,10140000,1037.1,3890000,1417.3,10100000,564.9,20530000,224,7400000,2559.7,25470000,603.1,3570000,,
2020/11/03,194.3,11100000,1421,10600000,1043.5,4700000,1475.2,13620000,572.2,23520000,227.4,11880000,2629.4,21340000,615.2,4660000,,
2020/11/04,194.1,9350000,1430.1,12990000,1049.6,5720000,1459.6,27430000,561.7,24880000,228.2,19980000,2643.4,30880000,608.9,10270000,,
2020/11/05,196.4,7960000,1459.3,11520000,1061.3,6630000,1523.6,28740000,570.8,23990000,230.9,14340000,2719.3,29490000,620.1,5640000,,
2020/11/06,195.6,8880000,1440.4,12710000,1054.7,5360000,1555.4,21070000,570,18120000,229.6,12900000,2741.9,24810000,621.7,6500000,,
2020/11/09,199.7,14580000,1452.8,11780000,1063.6,6220000,1629.1,29250000,575.8,19910000,243.4,43590000,2794,23090000,636.7,2620000,,
2020/11/10,203.4,24580000,1485.7,24670000,1070.7,9770000,1618.2,26110000,596,67140000,251.8,38780000,2788,27780000,649.2,3980000,,
2020/11/11,206.8,18480000,1529.3,27980000,1095.4,12820000,1603.2,19890000,616.3,70360000,254.8,37910000,2788.4,33760000,655.1,7080000,,
2020/11/12,203.9,11090000,1518.6,19940000,1097.5,12460000,1609,13660000,604.6,45190000,254.8,22300000,2791.8,29810000,650.4,1330000,,
2020/11/13,203,9910000,1524.9,20090000,1086.8,10880000,1603.8,12460000,596.1,31740000,253.5,19170000,2805.5,41490000,641.8,1750000,,
2020/11/16,208.4,14350000,1544.4,18120000,1082.5,9510000,1605.2,11020000,611.3,58490000,260,30650000,2860.5,52210000,656.2,2350000,,
2020/11/17,208.8,13980000,1544.3,19010000,1090,14930000,1620.1,12050000,614.1,43170000,259.4,23970000,2855.4,41780000,651.5,2150000,,
2020/11/18,210.1,9560000,1535.2,13960000,1094.5,8230000,1641.4,10320000,617.2,27770000,255.5,22740000,2869.6,33140000,649.8,2440000,,
2020/11/19,207.9,13720000,1544.3,26970000,1088.9,7330000,1643.8,10840000,616.7,28510000,249.6,22770000,2900.1,24980000,645.2,2530000,,
2020/11/20,209.7,8630000,1535.6,15770000,1104.5,8300000,1648.4,7260000,615.1,28180000,254.9,19310000,2892.2,22530000,648.4,2690000,,
2020/11/23,210.8,10770000,1556,15510000,1107.8,9410000,1664.9,7970000,624.8,39220000,269.6,185010000,2955.9,38040000,676.7,2120000,,
2020/11/24,214.2,12880000,1567.6,17460000,1107.5,19750000,1708.7,16740000,624.2,38440000,268.6,83020000,2989,42620000,679.7,2130000,,
2020/11/25,215.9,21300000,1558.2,20310000,1098.7,14150000,1699.5,16980000,632.2,43930000,271.8,69930000,2949.7,50730000,675.4,2410000,,
2020/11/26,215.9,10920000,1545,13220000,1092.1,9260000,1733.2,11270000,633,28120000,273.4,27570000,2991.2,28120000,666.5,2870000,,
2020/11/27,218.7,8670000,1554.1,12160000,1089,9240000,1741.8,10980000,626,25290000,274.9,32840000,2998.4,22610000,664.8,2220000,,
2020/11/30,212.9,13910000,1536.4,22250000,1074.3,11910000,1704,15180000,598,71630000,271.1,62630000,2920.2,57420000,650.5,2270000,,
2020/12/01,215,8000000,1562.4,19170000,1088.5,7330000,1734.6,10020000,612.3,30090000,270.3,23300000,2986.2,32100000,679.4,3020000,,
2020/12/02,217.2,7920000,1570.6,19640000,1094.2,7950000,1770.3,11130000,623.3,38380000,268.1,18620000,3054.7,43750000,688.9,2840000,,
2020/12/03,219.8,18850000,1625.6,22060000,1100,11600000,1766.9,8670000,624.6,29830000,268.8,21260000,3086.3,38250000,692.3,2790000,,
2020/12/04,226.9,52020000,1624.4,20350000,1094.5,10280000,1750.1,11880000,629.7,37430000,269.3,35490000,3124.3,48070000,721.5,2450000,,
2020/12/07,228.6,32220000,1607.3,17000000,1094.2,9460000,1729.5,10390000,621.6,31830000,263.9,20900000,3133.4,41350000,721.4,3700000,,
2020/12/08,223.5,19530000,1586.3,15530000,1090.8,7160000,1722.5,9270000,613.1,26430000,263.2,17860000,3137.2,40560000,707.1,4370000,,
2020/12/09,233.7,27310000,1612.7,16310000,1117.8,11750000,1766.6,14910000,617.4,23200000,265.1,13910000,3215.2,36280000,736.2,8440000,,
2020/12/10,242,63320000,1610.4,21720000,1125.2,31560000,1757.6,12900000,619.5,37500000,269.2,44750000,3180.2,58000000,738.2,5190000,,
2020/12/11,245.5,24380000,1625.7,16160000,1144.9,21920000,1766.5,17090000,630.8,42440000,278.1,58750000,3186.2,30720000,750,7880000,,
2020/12/14,239.9,15920000,1625.8,14630000,1142.2,13560000,1736.6,8710000,625.8,51930000,276.1,23920000,3184.8,31070000,739.7,7400000,,
2020/12/15,237.4,14870000,1622.2,13910000,1138.1,9890000,1733.5,11380000,623.6,36730000,274.3,20980000,3198.5,39370000,730.1,24400000,,
2020/12/16,238.3,11230000,1625.7,11300000,1146.7,11340000,1768,18020000,626,32980000,275.3,15800000,3234.4,29560000,737.6,3750000,,
2020/12/17,236.5,13160000,1612.6,11560000,1154.1,25330000,1777.8,12350000,619.8,36780000,278.6,24490000,3248.9,38840000,732.8,4530000,,
2020/12/18,242.1,20460000,1613.7,12430000,1173.7,53050000,1764.7,31900000,617.2,28910000,276.6,19380000,3229.1,27460000,734.7,6610000,,
2020/12/21,243.2,11820000,1601.3,11650000,1176,23430000,1771.5,14950000,619.1,26280000,278.7,25260000,3210.8,30720000,741.7,36810000,,
2020/12/22,236.1,12250000,1584.7,14840000,1153.9,17850000,1727.8,16480000,615.6,29410000,272.5,34260000,3149,33490000,718.1,21580000,,
2020/12/23,234.2,12830000,1617.2,24970000,1155.8,12600000,1733.3,12090000,613.4,22430000,269.5,22340000,3310.7,97040000,719.6,26240000,,
2020/12/24,237.2,53960000,1629.6,15990000,1166.1,9750000,1754.9,31990000,625,27580000,272.3,21000000,3340.1,73310000,725.9,4700000,,
2020/12/28,233.4,20720000,1639.3,15440000,1167.1,12530000,1742,13700000,625.5,51020000,271,19550000,3379,89840000,725.8,2380000,,
2020/12/29,234.8,11430000,1633.5,12440000,1153.1,10680000,1763,16820000,599.2,46150000,269.1,13800000,3467.2,57440000,727.5,3630000,,
2020/12/30,239.9,32990000,1651.1,14160000,1162.1,14680000,1798.1,12000000,600.9,31110000,272.4,16060000,3556.9,44680000,737.2,4090000,,
2021/01/04,247.8,20740000,1731.7,33470000,1151.8,12720000,1917.9,24270000,592.1,37480000,277.4,47610000,3735.9,61750000,751.2,4730000,,
2021/01/05,258.1,84030000,1745.2,24400000,1166.2,13660000,1964.6,28030000,602,42210000,289.9,103560000,3808.1,55670000,795,6240000,,
2021/01/06,259.7,52050000,1705.6,20270000,1160.4,18700000,2001.3,28660000,608.2,80930000,288.9,38370000,3769.3,74460000,782.3,1550000,,
2021/01/07,262.7,25180000,1755,26300000,1169.8,14660000,2096.9,35790000,632,170310000,292.5,33660000,3899.2,64740000,805.6,2200000,,
2021/01/08,263.9,26390000,1937.6,96540000,1192.3,20360000,2147.4,23860000,637.2,107780000,291.4,41490000,4045.7,93370000,816.6,2610000,,
2021/01/11,265,37830000,1962,55370000,1163.3,20010000,2135.4,29440000,632.6,111000000,282.1,43110000,3988.2,128720000,789.7,2270000,,
2021/01/12,266.6,22210000,1929.6,37730000,1167.3,20100000,2098.5,20680000,633.8,62580000,281.7,21110000,3968.6,80120000,775.9,4130000,,
2021/01/13,264.9,15480000,1949.9,33250000,1182.8,14970000,2134.6,15540000,646.7,81100000,282.7,22590000,4022.6,59750000,783.5,1500000,,
2021/01/14,268.7,19740000,1944.4,30260000,1196.2,13970000,2135.2,13280000,643.9,37890000,287.4,44960000,4052.6,53880000,780.2,1580000,,
2021/01/15,262.7,14940000,1900.8,24700000,1186,15080000,2099.3,15220000,628.9,38900000,278.9,22170000,3956.6,52580000,765,2120000,,
2021/01/18,261.5,35450000,1883.2,29920000,1153.8,13510000,2051.7,15640000,617.3,33780000,271.3,19610000,3882.3,63300000,747.7,1860000,,
2021/01/19,271.6,36200000,2004.6,37280000,1172.8,9640000,2135.2,20690000,624.7,24780000,276.1,15620000,3988.1,57260000,774,2370000,,
2021/01/20,273.3,17350000,2014,48540000,1176.6,10770000,2181.9,20380000,619.1,32350000,275,14510000,4094.7,54430000,776.6,1900000,,
2021/01/21,272.3,14830000,2088.4,40310000,1182.1,9960000,2212.2,21640000,619.3,25020000,277.5,19480000,4206.7,79140000,783.2,1920000,,
2021/01/22,274.7,17680000,2048.2,32830000,1188.4,14180000,2194.9,14570000,608.6,29650000,274.9,14190000,4184.4,59110000,769.4,1680000,,
2021/01/25,275.5,19830000,2080.8,28000000,1226.7,15350000,2246.7,12450000,611.5,26810000,277.7,13070000,4270,43510000,781.5,2180000,,
2021/01/26,270.3,14890000,2021.3,23650000,1202.4,13860000,2225.4,15500000,599,30080000,273.2,15840000,4174.9,56410000,762,3520000,,
2021/01/27,266.8,12740000,2004.5,27430000,1190.7,10630000,2194.1,12060000,597.5,23800000,269.3,17180000,4143,48320000,758.5,4370000,,
2021/01/28,263.6,27990000,1957.6,24490000,1176.7,13400000,2177.6,15930000,585.4,30280000,260.8,15500000,4046.1,52920000,736,2980000,,
2021/01/29,251.2,24850000,1875.4,29890000,1144.5,13390000,2121.5,18350000,564.5,43560000,249,21780000,3906.2,67330000,715.9,2440000,,
2021/02/01,263.2,22210000,1961,23660000,1152.8,9270000,2232.8,14070000,584.4,27950000,259.7,23980000,3981.3,47120000,738.5,3370000,,
2021/02/02,265.7,18530000,1967,23360000,1170.3,9670000,2265.1,19310000,587.6,29860000,259.8,19560000,4038.5,42880000,752.7,2090000,,
2021/02/03,274.3,22130000,2042.6,55800000,1173.7,7420000,2290.9,15070000,588,26300000,260.4,21820000,4080.4,36620000,751.7,2950000,,
2021/02/04,267.5,34140000,2044.4,33360000,1173.5,9370000,2269.9,11890000,579.7,25160000,258.5,18380000,3983.8,42130000,750,5900000,,
2021/02/05,267.4,13200000,2062.1,28190000,1178,8110000,2291.9,15750000,596.9,28980000,262,26510000,4047.2,30530000,752.7,2410000,,
2021/02/08,268.3,14250000,1942.7,50400000,1193.3,10970000,2243.9,14870000,608.8,32540000,266.5,26130000,4009,26010000,757.7,2300000,,
2021/02/09,267.9,9850000,1945.8,34970000,1192,9590000,2233.9,11840000,606,37950000,268.6,15540000,4028.1,40050000,757.2,2780000,,
2021/02/10,271.5,10270000,1977,23150000,1197.3,8790000,2268.1,12760000,609.2,25580000,269.6,13660000,4070.5,38420000,760.9,2810000,,
2021/02/15,272,9350000,1975.9,16630000,1200.6,9440000,2268.9,14370000,611.8,23140000,276,14710000,4160,41110000,759.1,3370000,,
2021/02/16,273.2,9660000,1978.6,14990000,1200.1,8960000,2276.3,10060000,611.7,18270000,274,13220000,4204.4,35740000,772.5,6630000,,
2021/02/17,272.8,9480000,1945.6,16910000,1198,10090000,2262.9,11200000,615.4,75900000,269.4,11600000,4170.4,31410000,782,2980000,,
2021/02/18,271.2,8980000,1907.9,22880000,1195.5,10550000,2224.4,11350000,602.5,32110000,265.9,11200000,4074.4,34370000,763.5,2320000,,
2021/02/19,277.3,11410000,1927,18470000,1198.2,11980000,2216.6,13650000,607.2,65090000,267.6,11480000,4106.3,43970000,761.7,3120000,,
2021/02/22,273.1,11580000,1913.4,17090000,1186.3,10580000,2164.6,11150000,608.2,63220000,263.8,10230000,4057.9,42670000,786.1,2170000,,
2021/02/23,275.3,11890000,1920.8,24490000,1192.5,8550000,2153.7,12060000,610,46380000,271.6,23700000,4000.5,37210000,798.5,1770000,,
2021/02/24,262.3,11850000,1845.6,29730000,1163.9,11590000,2054.2,13220000,604.4,41890000,261.7,16310000,3897.3,47380000,772.2,2050000,,
2021/02/25,271.4,8270000,1895.5,18440000,1181.7,7180000,2128.5,11010000,619.1,29810000,271.2,11940000,4064.8,51670000,797.8,2460000,,
2021/02/26,262.9,12550000,1857.3,33340000,1154.7,10460000,2049.4,12980000,604.1,50900000,264.9,14210000,3902.1,61590000,780.6,2480000,,
2021/03/02,261.5,8930000,1883.2,28260000,1156.1,11700000,2087,10050000,614.8,30790000,264.8,10530000,3968.5,51410000,781.7,2310000,,
2021/03/03,263.9,5870000,1906.5,16920000,1181.3,10280000,2098.5,7120000,625.5,29240000,268.3,10070000,4012.6,31190000,806.3,2810000,,
2021/03/04,262.9,11500000,1884.6,33450000,1182,10010000,2074.1,9370000,625,34220000,263.8,8380000,3906.6,37680000,813.1,3550000,,
2021/03/05,260.4,9500000,1882.8,22090000,1169,11160000,2067.2,10210000,628.6,52340000,260.1,9710000,3884.4,34930000,819.7,4170000,,
2021/03/08,257.5,13710000,1871,16780000,1159.2,8470000,2003.2,9920000,646.5,49070000,262.5,15050000,3796,29070000,830.7,2670000,,
2021/03/09,258.8,13860000,1867.8,20310000,1155.5,9790000,1956.4,10940000,660.1,54110000,267.9,15140000,3768.3,42460000,819.8,3190000,,
2021/03/10,255.7,9150000,1836.6,14900000,1155.6,6210000,1940.9,8520000,655.6,30530000,266.4,10410000,3726.7,32150000,786.8,4610000,,
2021/03/11,261.9,50680000,1858.4,16540000,1162.6,7820000,2008.9,9660000,658.6,36510000,266.6,15500000,3860.5,39090000,805.3,5610000,,
2021/03/12,269.2,17110000,1889.2,13360000,1175,6860000,2045.5,10130000,654.2,25340000,275.5,18570000,3926.2,24840000,810.7,3660000,,
2021/03/15,273.9,23670000,1896.6,16190000,1179.4,9880000,2016.8,7720000,658.4,24020000,280.1,16300000,3883,22300000,821.6,3420000,,
2021/03/16,273.4,12440000,1914.3,14000000,1193.7,18040000,1969.5,9110000,659.2,18740000,281.3,11840000,3948.5,23350000,823.4,2850000,,
2021/03/17,271.3,8830000,1894.5,13790000,1194.6,10850000,1954.7,7710000,656.2,17950000,278.1,9280000,3877.8,21670000,816.1,4750000,,
2021/03/18,271.5,10470000,1913.2,18620000,1193.7,11330000,1952.5,8190000,655.8,29570000,277.1,9850000,3910.8,29670000,814.6,4380000,,
2021/03/19,271.5,9830000,1902.7,17360000,1187.6,8610000,1933.4,8470000,657.1,46800000,275.3,13360000,3863.6,25710000,806.2,2460000,,
2021/03/22,274.1,15710000,1891.5,23320000,1179.5,13870000,1911.8,7290000,659.9,19870000,278.8,74030000,3846.3,21100000,825.3,2320000,,
2021/03/23,273.3,31870000,1867.2,20070000,1179.7,9340000,1877.6,8690000,655.7,20650000,274.4,21920000,3753.2,26660000,821.7,2420000,,
2021/03/24,274,13470000,1838.6,15640000,1186.6,5360000,1889.2,8130000,648.6,19530000,279.6,36370000,3752.2,26760000,811.5,1830000,,
2021/03/25,276.4,11360000,1842,14050000,1192.5,6920000,1929.9,12910000,658.4,19680000,283,38690000,3759.5,24080000,823.2,1430000,,
2021/03/26,280.7,32380000,1840.5,19820000,1190,5620000,1970.5,10080000,663.8,19860000,301.8,74900000,3781.5,22620000,849.2,1300000,,
2021/03/29,283.1,28950000,1834.7,14370000,1191.8,5980000,1967.1,11020000,666.8,17890000,310.2,103300000,3754.3,23940000,880.7,1660000,,
2021/03/30,282.9,19680000,1882.6,14610000,1208.4,6080000,2012.3,11700000,673.6,22490000,306.8,39460000,3858.3,25740000,876.5,1620000,,
2021/03/31,283.9,15570000,1861.5,13630000,1195.6,6590000,2015.5,11740000,683.9,43200000,311,41650000,3819.5,27360000,879.5,2320000,,
2021/04/01,280.4,13120000,1869.8,12450000,1199.7,7140000,2064.3,10730000,673.7,24340000,300.6,28170000,3927.9,32620000,862.5,1330000,,
2021/04/02,281.9,13920000,1918,20280000,1195.5,5740000,2057,8280000,668.8,17990000,302.8,24750000,3959.2,32290000,861.4,1470000,,
2021/04/05,286.5,11850000,1914.5,10010000,1197.2,6590000,2022.3,7940000,675.1,13490000,306.8,26440000,3959.3,33680000,900,1510000,,
2021/04/06,285.8,15470000,1900.5,10360000,1194.7,7880000,2007.3,6820000,672,20840000,303.6,16560000,3965.6,42090000,892.1,2090000,,
2021/04/07,288,10250000,1913,9710000,1194.7,7220000,2016.7,5900000,684.3,53560000,301.9,12750000,3981.5,32680000,909.8,1490000,,
2021/04/08,294.5,45950000,1941.3,14490000,1196.6,7510000,2046.8,7950000,681.2,42030000,306,20380000,3963.3,32890000,926.5,1830000,,
2021/04/09,293.7,18370000,1916.6,12430000,1196.6,5340000,2054.8,8570000,677.4,37380000,305.8,13010000,3942,33560000,927.6,1370000,,
2021/04/12,295.3,11900000,1910,8900000,1198.3,5400000,2103.2,11310000,682,22140000,308.2,18240000,3909.1,23980000,933.5,846000,,
2021/04/13,292.7,14000000,1931.7,13420000,1209,5860000,2142.3,10210000,681.4,18740000,310.5,17270000,3980.2,26170000,935.1,1040000,,
2021/04/14,298.2,14170000,1952.4,12650000,1210.4,6740000,2168.9,11830000,682.4,18430000,314.2,22690000,3999.8,24230000,943.5,1400000,,
2021/04/15,301.2,23710000,1933.9,11070000,1209.5,7330000,2152.4,11170000,687.1,18370000,313,16560000,4062.5,31320000,960.2,1810000,,
2021/04/16,302.8,12190000,1943.9,14870000,1206.7,6020000,2168.3,11200000,679.7,23610000,314.3,18000000,4046.6,24620000,957.1,1200000,,
2021/04/19,303.6,18320000,1938.3,13400000,1210.4,7590000,2174,9950000,677.8,15230000,315.2,19560000,4062.7,26290000,963,1190000,,
2021/04/20,309.5,30480000,1946.6,13840000,1222.3,7070000,2181.7,7830000,692.1,26360000,316.8,25030000,4074.5,26070000,968.9,1040000,,
2021/04/21,308.2,18940000,1905.2,14060000,1203.8,8320000,2166.8,9140000,680.9,23450000,310.5,18730000,3968.7,35300000,970.4,1450000,,
2021/04/22,310,16260000,1903,11510000,1200.3,6150000,2192,10060000,689.9,29110000,316.2,17540000,3972.7,32310000,984.9,2180000,,
2021/04/23,308.5,13180000,1879.5,13400000,1211.8,4990000,2194.4,7080000,697.4,48100000,315.8,14250000,3993.4,33740000,1025.7,1750000,,
2021/04/26,315.4,18680000,1890.1,13340000,1213.9,6310000,2214.1,9540000,708.2,42470000,330.6,27190000,4054.4,29780000,1035.5,1480000,,
2021/04/27,318.6,16610000,1876.2,14600000,1208.7,11040000,2217.5,9730000,715.6,25620000,331.6,20210000,4039,25910000,1098.6,1840000,,
2021/04/28,313.8,19170000,1862.4,13120000,1208.2,10730000,2168.3,12840000,719.6,42270000,332.5,35610000,3972.4,30620000,1096.5,1600000,,
2021/04/29,315.5,41970000,1852,16820000,1208.6,10400000,2201.3,9990000,709.9,27050000,335.1,25560000,3953.2,33550000,1112.7,1890000,,
2021/04/30,307,25320000,1824.5,20810000,1202.1,8960000,2163.8,7680000,717.9,33140000,340.4,39770000,3884.8,32710000,1066.4,1790000,,
2021/05/03,303,20650000,1843.2,18560000,1201.2,9040000,2114.3,9700000,705.4,29720000,334.5,38740000,3873.2,30090000,1042,3950000,,
2021/05/04,302.7,18300000,1859.4,14230000,1197.6,9590000,2158.6,10110000,701.8,24040000,329.2,32080000,3899.4,22400000,1050.8,1170000,,
2021/05/06,311.2,18830000,1864.1,12210000,1212.3,7650000,2222.3,10630000,737.4,52980000,335.6,100710000,3855.9,28640000,1105.4,1700000,,
2021/05/07,317.4,16280000,1881.6,15020000,1225.4,17510000,2216.3,6870000,744.5,32770000,338.8,37380000,3877.4,24930000,1120.5,918000,,
2021/05/10,320.7,17660000,1932.7,23560000,1248.4,17130000,2231,10140000,758.4,40020000,344.2,28800000,3911.9,28610000,1158.7,1160000,,
2021/05/11,323,21190000,1910.2,26700000,1254.2,15010000,2185.8,10470000,759,35030000,348.3,37290000,3793.8,49870000,1200.2,1070000,,
2021/05/12,314.1,20080000,1919.7,27700000,1236.1,15990000,2114.4,11810000,739.4,43120000,338.6,27790000,3721,55150000,1182.3,1130000,,
2021/05/13,311.7,18650000,1908.1,23010000,1234.5,15480000,2066.6,11970000,747.9,129380000,330.8,21990000,3645.6,52600000,1117.2,1180000,,
2021/05/14,312.3,9830000,1924.9,19050000,1232.2,11240000,2100.6,7580000,741.3,40080000,328.1,12400000,3708.7,27240000,1093.4,1840000,,
2021/05/17,308.2,10460000,1920.8,21370000,1232.2,9840000,2096.2,7910000,738.2,46490000,332.6,14220000,3687.1,27610000,1076,1200000,,
2021/05/18,316.2,20030000,1944.2,15670000,1236.2,8460000,2126.8,5990000,748.1,30900000,337.2,11720000,3734.7,27030000,1128.7,1320000,,
2021/05/20,318.1,15010000,1916.3,16990000,1224,8450000,2136.9,7420000,736.8,29020000,331.8,22330000,3744.6,26910000,1078.6,1580000,,
2021/05/21,313.7,17560000,1919.4,22110000,1209.9,8370000,2127.3,8050000,723.3,27810000,328.7,19140000,3765.2,33020000,1065.2,2300000,,
2021/05/24,314.5,12880000,1915.6,14740000,1224.3,16240000,2096.6,6020000,731.6,27000000,333,27800000,3722.2,21480000,1054.2,1190000,,
2021/05/25,312.6,14090000,1923.1,18700000,1239.5,12410000,2119.3,5920000,740,21080000,336.2,15960000,3779.1,21820000,1061.9,1540000,,
2021/05/26,313.4,15120000,1920.7,16660000,1264,21470000,2096.4,6700000,736.4,18630000,341.2,41370000,3763.3,18690000,1025.7,1410000,,
2021/05/27,320.4,26530000,1907.4,21780000,1254.8,26300000,2074.6,15410000,726.5,49050000,339.5,41630000,3769.8,35690000,1039.5,1130000,,
2021/05/28,321.1,22580000,1958,21810000,1249.7,13390000,2092.7,6220000,738.3,20930000,344,47210000,3787.5,25230000,1052.8,744000,,
2021/05/31,321.1,22540000,1980.6,18930000,1268.2,13730000,2067,6480000,746.9,22430000,352,69700000,3767.5,27890000,1050.4,1220000,,
2021/06/01,321.1,12560000,1993.8,15220000,1270.5,11420000,2091.3,7340000,749.5,17470000,365.5,81350000,3796.4,27100000,1053.8,906000,,
2021/06/02,326.2,41900000,1999.6,18020000,1266.1,11830000,2099.9,7970000,753.2,18440000,377.5,103340000,3768.2,27570000,1050.9,945000,,
2021/06/03,324.5,28790000,1999.3,14160000,1258.8,10910000,2110.5,6450000,751.3,21900000,375,48960000,3843,44100000,1031.1,795000,,
2021/06/04,323.9,17870000,2016.6,21630000,1257.2,9840000,2102.2,5250000,749.4,22920000,387.6,135830000,3825,30460000,1038.5,1170000,,
2021/06/07,327.1,18970000,2029.8,25360000,1267.8,20780000,2104.6,5670000,752.4,16600000,409.7,157360000,3833.6,28150000,1013.1,1080000,,
2021/06/08,330,40280000,2044,23840000,1261.5,13520000,2082.3,6780000,752,17290000,383.5,120260000,3800.9,24080000,1014.1,1080000,,
2021/06/09,325.6,18360000,2025.9,22220000,1258.2,10190000,2069.6,8530000,740.6,19310000,381.9,90400000,3731.4,28460000,995.6,1720000,,
2021/06/10,323.5,21200000,2012,28860000,1261.8,10430000,2077.8,8250000,738,27990000,373.6,57580000,3739.5,30480000,1003.2,1070000,,
2021/06/11,323.6,12110000,2017.6,21090000,1259.5,7660000,2129.6,11680000,735.5,22080000,376.3,41120000,3809,24480000,1035,1950000,,
2021/06/14,324.9,11370000,2009.8,15450000,1265.4,10990000,2122.3,6060000,724.9,18920000,375.9,38320000,3827.2,18230000,1033.6,1990000,,
2021/06/15,324.1,19310000,2010.2,13230000,1269.8,7500000,2138.8,6470000,725.7,16930000,372.5,31670000,3864.5,20630000,1025.8,926000,,
2021/06/16,324.6,14730000,2024.5,13540000,1290.7,11570000,2127.3,6790000,739.1,36990000,375.9,42870000,3885.5,22410000,1029.6,790000,,
2021/06/17,326.2,12270000,2008.7,12160000,1288.7,8470000,2140.9,6680000,737.3,28760000,370.5,17700000,3851.5,27920000,1014.3,1260000,,
2021/06/18,327.9,16180000,2011.6,15510000,1290.3,8090000,2126.5,12630000,729.2,28150000,372.7,31370000,3880.2,29870000,1009.1,856000,,
2021/06/21,324.2,14060000,1990.5,15140000,1269.1,20620000,2104.4,8100000,712.7,25710000,375.1,32900000,3870.9,33960000,987.4,1400000,,
2021/06/22,331.8,34840000,2040.7,20310000,1269.9,9020000,2129.7,7770000,725.5,18730000,380.7,42940000,3869.1,20840000,1018.5,1210000,,
2021/06/23,329.5,21940000,2027.7,18560000,1250.7,10640000,2141.6,9980000,721.6,15930000,372.6,36000000,3871.9,24520000,1007,1070000,,
2021/06/24,332.3,22200000,2021.2,20980000,1258,9600000,2150.3,10640000,728.3,14620000,368.7,36790000,3940.6,32230000,1040.7,1170000,,
2021/06/25,331.7,25750000,2033.5,13590000,1265,7440000,2168.9,7410000,747.6,27820000,372.7,31610000,3956.9,22960000,1042,1460000,,
2021/06/28,336.3,24020000,2021.9,11370000,1262.3,6040000,2160.5,6640000,751.4,21310000,369.2,40220000,3926.3,19380000,1050.6,824000,,
2021/06/29,331.3,26800000,2023.1,21290000,1261.4,5030000,2155.4,9720000,736.2,19280000,369.4,21300000,3908.5,24620000,1019.4,1000000,,
2021/06/30,331.5,17750000,2020.8,12330000,1259,5740000,2180.2,9930000,732.2,15290000,367.5,12700000,3949.7,25340000,1017.2,2400000,,
2021/07/01,331.5,17340000,2022.8,13950000,1251.8,6680000,2136.1,13470000,722.3,16170000,366.3,19630000,3950.2,22260000,1009.5,1540000,,
2021/07/02,338.2,18500000,2008,11170000,1244.8,4470000,2140.8,7750000,725.6,13990000,373.5,29830000,3939,21090000,1013.6,975000,,
2021/07/05,338.1,11060000,1991.2,10650000,1247.6,5660000,2151.2,5360000,720.7,12480000,371.9,20330000,3977,16060000,1011.2,1320000,,
2021/07/06,339.5,22840000,1993.3,9990000,1251.4,5320000,2174.6,7290000,720.4,11050000,376.1,31720000,4031.3,22870000,1007.7,1170000,,
2021/07/07,336.1,18790000,1972.1,12190000,1241.2,6300000,2159.7,6780000,708.6,21500000,369.5,17930000,4007.9,27050000,998.7,1290000,,
2021/07/08,334.2,15750000,1947.1,15210000,1235.2,7970000,2129,15490000,704.2,22490000,360.9,19170000,3926,29870000,999.2,1010000,,
2021/07/09,333.2,15870000,1919.5,15650000,1212.9,9050000,2112.5,12600000,686.5,33100000,359.4,23950000,3902.9,35340000,979.7,1350000,,
2021/07/12,336.7,10430000,1951.7,8370000,1226.4,5030000,2138.9,11660000,699.5,16350000,362.7,17710000,3916.4,19000000,998.1,1470000,,
2021/07/13,338.1,12370000,1966.5,10530000,1233.7,4350000,2156.2,13020000,709.1,16380000,364.3,13700000,3981.1,18660000,1000.5,1010000,,
2021/07/14,338.2,10900000,1961,14060000,1224.2,3710000,2157.7,12990000,700.9,15760000,363.9,11790000,3964.7,19960000,1012.9,1370000,,
2021/07/15,337.1,9250000,1975.3,12360000,1238.3,6420000,2148.9,12890000,706.3,15180000,366.3,15130000,3998.3,22760000,1028.2,1070000,,
2021/07/16,337.5,6760000,1959,9350000,1242.4,6620000,2142,12310000,709.4,13680000,361.2,13600000,3970,20140000,1023.8,1750000,,
2021/07/19,335.2,7400000,1933,10090000,1238.5,8250000,2124,8460000,697.1,12040000,355.2,11400000,3916.6,21390000,992.1,976000,,
2021/07/20,333.1,15180000,1935.2,12100000,1231.6,7560000,2110,14280000,690,16710000,355.6,18060000,3915.8,23570000,983.7,1510000,,
2021/07/21,332,8860000,1941.6,9300000,1226.4,5250000,2110.3,10850000,689.9,13840000,359.1,75040000,3897.5,21410000,998.1,2900000,,
2021/07/22,332.7,9680000,1955.4,11340000,1219.2,5380000,2144.2,19850000,706.5,19960000,358.5,29910000,3948.7,22310000,1028.7,1350000,,
2021/07/23,333.2,11720000,1944.2,11060000,1199,4090000,2152,8250000,708,53980000,360.6,11880000,3957,15630000,1059.1,981000,,
2021/07/26,326.5,7780000,1923.9,9240000,1186.4,5020000,2129.6,17490000,698.1,14590000,354.1,12430000,3904.1,16990000,1050,1590000,,
2021/07/27,329.2,9910000,1926.3,7140000,1189.8,4610000,2139.5,10130000,699.9,14660000,356.6,15530000,3930.8,18710000,1064.7,1880000,,
2021/07/28,331.3,10360000,1919.8,7430000,1193.2,4720000,2139.8,9130000,708.3,17110000,357.4,13460000,3924.6,27000000,1065.4,1400000,,
2021/07/29,332,9140000,1926.4,6580000,1192.8,4250000,2135,9090000,710.5,18290000,359.2,7650000,3946.2,24810000,1056.3,1380000,,
2021/07/30,328.9,8860000,1890.3,10700000,1176.4,5030000,2105.2,12850000,698.2,19970000,354.3,15940000,3863.1,24660000,1068.7,1950000,,
2021/08/02,327.5,6290000,1903.5,7920000,1182.2,5880000,2122.8,8500000,694.7,13160000,352.2,9140000,3899,22100000,1055.6,869000,,
2021/08/03,325.5,7050000,1924.3,11230000,1179.9,5060000,2114.2,8570000,699.2,14020000,346.4,14520000,3955.8,33920000,1022.2,781000,,
2021/08/04,327.2,6280000,1949.6,10800000,1196.6,4710000,2115.3,9270000,709.4,17230000,354.2,12660000,3989.1,36440000,1036.6,1020000,,
2021/08/05,327.4,6830000,1937.7,8040000,1195.9,4920000,2106.6,8170000,704.4,14050000,352,10270000,3998.1,27050000,1032,928000,,
2021/08/06,327.6,5860000,1934.1,6850000,1193.6,5290000,2097.7,6190000,704.8,15210000,356.3,15360000,3979.7,21200000,1025.2,984000,,
2021/08/09,323.8,6780000,1912.5,8780000,1185.7,4930000,2089.9,19250000,709.2,16820000,348.1,13300000,3975.4,23630000,1011.4,856000,,
2021/08/10,322.2,11610000,1889.4,8390000,1179.2,5210000,2102.7,16780000,705.4,13680000,346.1,21860000,3943.2,31760000,1009,1130000,,
2021/08/11,318.2,7890000,1889.7,11420000,1169.3,5570000,2097.7,10400000,715.1,18210000,342.4,15980000,3870.1,50520000,1014.5,656000,,
2021/08/12,319.6,7200000,1904.8,14090000,1166.8,6140000,2110.9,12470000,713.6,19020000,343.1,17720000,3835.2,71300000,1014.4,920000,,
2021/08/13,315.9,9270000,1883.9,11800000,1164.2,7670000,2108.5,11030000,709.5,19790000,336.3,16460000,3787.5,84630000,1005.7,877000,,
2021/08/17,305.1,8780000,1838.7,15540000,1155.5,7940000,2060.6,10600000,710.7,20500000,325.5,16480000,3748.4,46120000,978.5,1310000,,
2021/08/18,311.1,6980000,1840.6,8990000,1161.1,4760000,2085.5,17910000,709.9,14240000,328.9,12840000,3786,44320000,984.4,839000,,
2021/08/19,298.3,10500000,1775.5,15610000,1131.9,8160000,2034.6,11760000,686.7,23870000,312.7,21760000,3692.2,35520000,939.6,722000,,
2021/08/20,292,10230000,1746.1,16370000,1124.3,6700000,2024.8,11190000,676.6,23130000,308.2,18750000,3658.2,36510000,925.5,692000,,
2021/08/23,293.7,7660000,1775.1,11070000,1134.6,4270000,2004.2,12090000,684.9,15590000,316.4,15830000,3675.6,33300000,936.2,1060000,,
2021/08/24,302.4,6760000,1812.7,10770000,1164.1,5280000,2010.5,14240000,703.7,16740000,327.4,14120000,3704.7,34150000,975,621000,,
2021/08/25,308.8,7320000,1818.3,8670000,1159.9,3530000,2049.1,30170000,711.9,14970000,329.8,12660000,3708.7,30330000,986.9,665000,,
2021/08/26,305,6090000,1826.6,9050000,1151.9,4750000,2038.2,15780000,716.4,31200000,324.2,28180000,3692.5,27280000,977.5,725000,,
2021/08/27,306.2,7230000,1832.2,8170000,1158.5,3850000,2044,12790000,720.8,16340000,326.5,15090000,3684.8,22460000,973.4,733000,,
2021/08/30,317.3,11900000,1844.8,7940000,1161.1,4200000,2043.4,11370000,703.5,16920000,329.5,12980000,3682.9,18240000,1002.6,718000,,
2021/08/31,323.1,10380000,1873.1,10870000,1173.7,5410000,2068.9,11980000,712.5,21480000,332.1,13580000,3785.6,36460000,1023.1,670000,,
2021/09/01,325.9,9840000,1880,10840000,1176.7,3940000,2035.4,8870000,716.1,13360000,333.1,25740000,3786.3,25040000,1018.7,704000,,
2021/09/02,323.2,8090000,1861,9580000,1174.8,4440000,2027.7,11190000,714.3,18360000,328.3,16220000,3703.8,23180000,1017.9,923000,,
2021/09/03,326.1,7030000,1880.5,9640000,1167.9,4520000,2047,9070000,713.3,14070000,330.1,14760000,3793.9,26310000,1020.3,784000,,
2021/09/06,326.6,5950000,1884,7390000,1169.5,4590000,2088,46450000,706.6,12530000,331.9,9540000,3780.1,21250000,1022.6,791000,,
2021/09/07,327,6330000,1879,7310000,1174,3550000,2105.4,32800000,701.3,10510000,334.1,14280000,3764.3,19580000,1049.8,920000,,
2021/09/08,323.9,6500000,1887.9,11830000,1146.2,6790000,2127.4,24090000,708.9,17970000,329.4,13370000,3762,19390000,1066,1370000,,
2021/09/09,318.5,9610000,1854.7,13190000,1124.5,7570000,2113.8,18470000,700,27940000,319.5,14580000,3682.7,27300000,1032.5,1980000,,
2021/09/10,321.3,8540000,1832.6,11910000,1132.1,4480000,2135.6,14340000,699.1,21800000,323.3,16120000,3728.9,17680000,1037.5,1150000,,
2021/09/13,320.2,6930000,1824.5,11590000,1133.2,7680000,2163.6,20760000,697.8,16350000,323.3,17940000,3723.6,18250000,1062.9,981000,,
2021/09/14,325,9390000,1851.2,12860000,1137.7,6320000,2167.2,13870000,710.2,28450000,332.5,16770000,3757.4,25260000,1053,670000,,
2021/09/15,334.5,25190000,1850.5,8230000,1141.6,7310000,2162.1,12990000,707.9,18740000,331.8,14320000,3742.1,20520000,1040.9,1100000,,
2021/09/16,338.3,16010000,1853.6,8410000,1137.1,6250000,2153.4,16420000,701,16790000,335.3,19110000,3662.2,24010000,1047.4,854000,,
2021/09/17,337.2,10030000,1847.7,9550000,1134.8,6360000,2147.3,11010000,702.6,22200000,323.9,22030000,3687,27010000,1034.1,787000,,
2021/09/23,334,13240000,1837.4,9200000,1124.9,13190000,2182.9,10730000,698.4,18490000,317.9,13100000,3683.1,26810000,996.5,711000,,
2021/09/24,328.2,11760000,1821.2,8450000,1116.3,7520000,2186.4,22720000,708.2,20230000,315.5,14920000,3664.1,21120000,992.4,1220000,,
2021/09/27,331,7970000,1808.8,7650000,1117.2,4590000,2208.6,30390000,708.7,13980000,317.1,11020000,3697.2,20870000,987,767000,,
2021/09/28,326.4,8390000,1775.4,9250000,1106.9,13190000,2237,25760000,720.4,32860000,319.2,11560000,3622.6,25780000,979,883000,,
2021/09/29,327.8,10710000,1773.5,11330000,1100.4,9780000,2233.2,17740000,715.2,27720000,314.1,12810000,3544.5,37390000,964.8,1520000,,
2021/09/30,327.3,7640000,1771,8060000,1101.3,6000000,2210.1,21490000,723.1,21010000,317.2,12140000,3574.4,29730000,964.9,1460000,,
2021/10/01,323,9000000,1722.3,10140000,1086.5,5400000,2181.1,10620000,715.3,18020000,307,14970000,3506.4,24020000,938.7,1020000,,
2021/10/05,323.3,10210000,1733.3,15420000,1094.8,7760000,2162.2,16710000,705.8,25960000,303.7,13500000,3435.1,35120000,936.7,880000,,
2021/10/06,306.4,13160000,1698.9,13840000,1082.9,8260000,2112.2,38090000,703.2,31370000,292.1,18640000,3362.5,31410000,914.2,755000,,
2021/10/07,315.5,7380000,1763.6,12050000,1107,6500000,2102.8,19490000,714.5,25750000,301.2,11910000,3392.7,25700000,937.3,915000,,
2021/10/08,310.1,8530000,1790.6,12780000,1104.5,5300000,2107.9,14730000,704.5,20180000,296.8,7780000,3398.3,24040000,946,815000,,
2021/10/12,308.8,7500000,1780.7,10020000,1080.5,6610000,2154.7,12660000,697.7,26660000,297.4,8220000,3320.9,43190000,955.9,925000,,
2021/10/13,312.6,6100000,1831.4,13370000,1090.5,4740000,2180.7,17910000,698.6,15900000,309.1,25930000,3325.3,34730000,981.8,885000,,
2021/10/14,318.7,7250000,1839.5,11990000,1105.4,5400000,2211.2,13360000,704.3,16340000,312.3,30110000,3387.5,30440000,996.2,923000,,
2021/10/15,322.3,8080000,1841.4,10630000,1114.5,5880000,2199.8,11870000,712.5,19290000,319.1,37270000,3473,30900000,1004.6,619000,,
2021/10/18,318.1,5650000,1844.4,10840000,1111.8,4250000,2195.5,8960000,715,14490000,314.9,23230000,3445.2,20500000,1007.4,899000,,
2021/10/19,318.4,5020000,1842.9,9610000,1117,4070000,2194.5,11770000,717.3,14480000,315.1,15290000,3489,16070000,1004.1,1720000,,
2021/10/20,312.9,5570000,1830.5,9980000,1120.3,4330000,2173.7,10000000,724,20170000,309.5,16970000,3469.3,17630000,969,1430000,,
2021/10/21,315,7380000,1826.9,12550000,1116.5,4950000,2147,11190000,732.3,22060000,313.9,20640000,3453.7,18820000,966.8,1690000,,
2021/10/22,312.9,7490000,1816.8,12340000,1114.9,4420000,2133.9,6750000,730.2,14290000,310.1,15930000,3480.5,13720000,948.2,1870000,,
2021/10/25,316.6,6690000,1842.3,9180000,1127.4,5210000,2153.4,6290000,740,16250000,327.8,55920000,3484.3,16920000,964.4,1190000,,
2021/10/26,320.9,6460000,1849.2,8250000,1118.9,5280000,2158.7,8930000,744.2,16790000,329.8,34480000,3538.6,20800000,968.2,1120000,,
2021/10/27,317.7,5580000,1836.5,9290000,1091.8,4740000,2124.3,7140000,737,16660000,334.3,78370000,3520.8,19400000,957.1,1190000,,
2021/10/28,310.5,11620000,1817,11650000,1076.5,4910000,2100.9,8390000,722.7,26230000,325,37910000,3561,40040000,926.5,635000,,
2021/10/29,309.9,8130000,1789,9880000,1066,4860000,2080.3,9380000,713.3,19640000,326.3,29270000,3495.2,30130000,921.4,1260000,,
2021/11/01,311.5,7550000,1780.7,10030000,1083.5,3820000,2052.4,9830000,717.4,13780000,324.1,24820000,3509.3,20480000,916.5,1100000,,
2021/11/02,314.5,5930000,1800.4,9320000,1093.2,4390000,2076.1,8380000,719.6,13890000,329.6,20280000,3560.2,25550000,916.1,975000,,
2021/11/03,310.9,5490000,1775.9,8130000,1087,3770000,2044.6,11130000,705.3,18760000,324.7,31950000,3527.9,22700000,910.6,936000,,
2021/11/04,312.2,13180000,1799.2,12580000,1092.7,6990000,2030.4,11290000,709,15380000,326.9,64010000,3567.3,19290000,903.7,906000,,
2021/11/05,311.1,8710000,1799.3,12020000,1088,4630000,2003.6,9290000,698.5,19790000,326.9,27880000,3582.4,19890000,876.2,585000,,
2021/11/08,311.6,7720000,1815.5,12030000,1093.8,6750000,2001.7,8980000,699.7,16090000,329,20100000,3577.3,17420000,878.3,746000,,
2021/11/09,311.3,8820000,1799,8310000,1087.7,4720000,1990.2,9830000,701.4,13640000,330.1,31470000,3590.7,18840000,884.1,856000,,
2021/11/10,304.2,8510000,1765.1,8750000,1066.9,4860000,1929.4,9740000,699.4,14510000,323.5,19970000,3555.9,16810000,857,848000,,
2021/11/11,299.4,7580000,1739.9,12560000,1059.8,5700000,1933.9,11780000,694.6,15430000,320.9,20510000,3549.8,20740000,851.5,744000,,
2021/11/12,307.1,7700000,1768.9,9180000,1071.5,3730000,1986.8,26240000,705.5,15340000,328.2,19650000,3580.7,16600000,889,757000,,
2021/11/15,310.3,5570000,1777.1,8140000,1069.7,4800000,1984,11940000,710.8,18580000,327.2,13280000,3649.6,24900000,890.5,1050000,,
2021/11/16,309.1,6550000,1751.4,11130000,1068.7,3880000,1979.1,20650000,717,14630000,326.3,13600000,3668.5,22200000,880.9,916000,,
2021/11/17,303.6,7730000,1738.4,12530000,1053.5,5380000,1947.8,14850000,702.6,17740000,320.7,18580000,3654.9,24010000,857.4,1020000,,
2021/11/18,303.4,5420000,1713.5,10840000,1040.7,3900000,1941.3,11810000,699.9,13260000,314.1,16770000,3654.1,24650000,857.2,1170000,,
2021/11/19,300.7,6950000,1726.9,10150000,1041.6,4010000,1933.5,9460000,701.2,16170000,312.1,21430000,3725.9,32130000,864.5,954000,,
2021/11/22,300.7,6020000,1764.3,11720000,1042.1,3810000,1948.3,9020000,701.2,15130000,311.3,16140000,3809.3,49850000,869.9,1150000,,
2021/11/23,300.2,5600000,1740.6,8860000,1045.5,3900000,1928.6,8740000,704.1,18370000,310.4,13520000,3766.8,36040000,878.2,588000,,
2021/11/24,303.1,7710000,1727.2,8640000,1041.6,4030000,1951.1,10240000,709.4,15510000,308.1,15110000,3766.4,28510000,869.4,826000,,
2021/11/25,303.5,7030000,1709.5,8120000,1034.7,3920000,1943.5,10440000,704.7,14340000,307.4,12930000,3710.4,22690000,862.6,856000,,
2021/11/26,296.8,7580000,1664.9,11460000,1016.2,5120000,1892.2,10820000,690.1,20700000,299.5,15400000,3646.4,24430000,853.3,1280000,,