19.60492,-99.06064,PPLA2,Ecatepec de Morelos,MX,1655015
20.66682,-103.39182,PPLA,Guadalajara,MX,1495182
18.9261,-99.23075,PPLA,Cuernavaca,MX,338650
19.03793,-98.20346,PPLA,Puebla,MX,1434062
19.42847,-99.12766,PPLC,Mexico City,MX,12294193
19.70078,-101.18443,PPLA,Morelia,MX,597511
20.97537,-89.61696,PPLA,Mérida,MX,777615
22.14982,-100.97916,PPLA,San Luis Potosí,MX,722772
28.63528,-106.08889,PPLA,Chihuahua,MX,809232
25.67507,-100.31847,PPLA,Monterrey,MX,1135512
20.11697,-98.73329,PPLA,Pachuca de Soto,MX,256584
21.50951,-104.89569,PPLA,Tepic,MX,332863
19.28786,-99.65324,PPLA,Toluca,MX,489333
21.88234,-102.28259,PPLA,Aguascalientes,MX,722250
17.06542,-96.72365,PPLA,Oaxaca,MX,255029
38.71667,-9.13333,PPLC,Lisbon,PT,517802
32.66568,-16.92547,PPLA,Funchal,PT,100847
45.25167,19.83694,PPLA,Novi Sad,RS,215400
43.32472,21.90333,PPLA2,Niš,RS,250000
44.80401,20.46513,PPLC,Belgrade,RS,1273651
10.82302,106.62965,PPLA,Ho Chi Minh City,VN,3467331
16.4619,107.59546,PPLA,Huế,VN,287217
21.0245,105.84117,PPLC,Hanoi,VN,1431270
20.86481,106.68345,PPLA,Haiphong,VN,602695
20.95045,107.07336,PPLA,Hạ Long,VN,148066
-25.77507,29.46482,PPLA2,Middelburg,ZA,154706
-25.74486,28.18783,PPLC,Pretoria,ZA,1619438
-33.01529,27.91162,PPLA2,East London,ZA,478676
-26.20227,28.04363,PPLA,Johannesburg,ZA,2026469
-29.12107,26.214,PPLA,Bloemfontein,ZA,463064
-33.92584,18.42322,PPLA,Cape Town,ZA,3433441
-26.67313,27.92615,PPLA2,Vereeniging,ZA,474681
-29.8579,31.0292,PPLA2,Durban,ZA,3120282
-26.85213,26.66672,PPLA2,Klerksdorp,ZA,178921
-28.78301,32.03768,PPLA2,Richards Bay,ZA,252968
-33.96109,25.61494,PPLA2,Port Elizabeth,ZA,967677
-33.64651,19.44852,PPLA2,Worcester,ZA,127597
47.36667,8.55,PPLA,Zürich,CH,341730
36.73225,3.08746,PPLC,Algiers,DZ,1977663
5.55602,-0.1969,PPLC,Accra,GH,1963264
14.64072,-90.51327,PPLC,Guatemala City,GT,994938
32.65246,51.67462,PPLA,Isfahan,IR,1547164
34.09493,49.69809,PPLA,Arāk,IR,503647
35.83266,50.99155,PPLA,Karaj,IR,1448075
34.6401,50.8764,PPLA,Qom,IR,900000
37.55274,45.07605,PPLA,Orūmīyeh,IR,577307
31.89722,54.3675,PPLA,Yazd,IR,477905
33.6374,46.4227,PPLA,Īlām,IR,140940
30.28321,57.07879,PPLA,Kerman,IR,577514
30.44079,48.18428,PPLA2,Khorramshahr,IR,330606
38.08,46.2919,PPLA,Tabriz,IR,1424641
27.1865,56.2808,PPLA,Bandar Abbas,IR,352173
35.31495,46.99883,PPLA,Sanandaj,IR,349176
34.31417,47.065,PPLA,Kermanshah,IR,621100
33.48778,48.35583,PPLA,Khorramabad,IR,329825
29.61031,52.53113,PPLA,Shiraz,IR,1249942
36.67642,48.49628,PPLA,Zanjān,IR,357471
36.31559,59.56796,PPLA,Mashhad,IR,2307177
35.69439,51.42151,PPLC,Tehran,IR,7153309
52.09083,5.12222,PPLA,Utrecht,NL,290529
51.8425,5.85278,PPL,Nijmegen,NL,158732
52.38084,4.63683,PPLA,Haarlem,NL,147590
51.44083,5.47778,PPL,Eindhoven,NL,209620
51.9225,4.47917,PPL,Rotterdam,NL,598199
52.37403,4.88969,PPLC,Amsterdam,NL,741636
51.81,4.67361,PPL,Dordrecht,NL,119260
51.58656,4.77596,PPL,Breda,NL,167673
53.21917,6.56667,PPLA,Groningen,NL,181194
50.84833,5.68889,PPLA,Maastricht,NL,122378
52.07667,4.29861,PPLG,The Hague,NL,474292
12.1084,-68.93354,PPLC,Willemstad,CW,125000
47.39484,0.70398,PPLA2,Tours,FR,141621
43.29695,5.38107,PPLA,Marseille,FR,794811
43.83378,4.35962,PPLA2,Nîmes,FR,148236
47.24878,6.01815,PPLA2,Besançon,FR,128426
47.21725,-1.55336,PPLA,Nantes,FR,277269
48.11198,-1.67429,PPLA,Rennes,FR,209375
43.60426,1.44367,PPLA,Toulouse,FR,433055
48.68439,6.18496,PPLA2,Nancy,FR,105334
45.77969,3.08682,PPLA2,Clermont-Ferrand,FR,138681
48.85341,2.3488,PPLC,Paris,FR,2138551
50.63297,3.05858,PPLA,Lille,FR,228328
47.90289,1.90389,PPLA,Orléans,FR,124149
43.61092,3.87723,PPLA2,Montpellier,FR,248252
45.74846,4.84671,PPLA,Lyon,FR,472317
49.9,2.3,PPLA2,Amiens,FR,143086
47.31667,5.01667,PPLA,Dijon,FR,149782
49.44313,1.09932,PPLA,Rouen,FR,112787
45.17869,5.71479,PPLA2,Grenoble,FR,158552
43.12442,5.92836,PPLA2,Toulon,FR,168701
45.83362,1.24759,PPLA2,Limoges,FR,141176
49.18585,-0.35912,PPLA2,Caen,FR,110624
42.69764,2.89541,PPLA2,Perpignan,FR,110706
44.84044,-0.5805,PPLA,Bordeaux,FR,231844
43.70313,7.26608,PPLA2,Nice,FR,338620
45.43389,4.39,PPLA2,Saint-Étienne,FR,176280
49.11911,6.17269,PPLA2,Metz,FR,123914
48.58392,7.74553,PPLA,Strasbourg,FR,274845
55.95206,-3.19648,PPLA,Edinburgh,GB,464990
52.62783,1.29834,PPLA2,Norwich,GB,213166
53.41058,-2.97794,PPLA2,Liverpool,GB,864122
54.59682,-5.92541,PPLA,Belfast,GB,274770
52.40656,-1.51217,PPLA2,Coventry,GB,359262
53.79648,-1.54785,PPLA2,Leeds,GB,455123
51.48,-3.18,PPLA,Cardiff,GB,447287
51.45523,-2.59665,PPLA2,Bristol,GB,617280
51.50853,-0.12574,PPLC,London,GB,7556900
52.48142,-1.89983,PPLA2,Birmingham,GB,984333
53.38297,-1.4659,PPLA2,Sheffield,GB,685368
51.58774,-2.99835,PPLA2,Newport,GB,306844
52.6386,-1.13169,PPLA2,Leicester,GB,508916
53.48095,-2.23743,PPLA2,Manchester,GB,395515
51.45625,-0.97113,PPLA2,Reading,GB,318014
50.37153,-4.14305,PPLA2,Plymouth,GB,260203
55.86515,-4.25763,PPLA2,Glasgow,GB,591620
53.76282,-2.70452,PPLA2,Preston,GB,313332
51.62079,-3.94323,PPLA2,Swansea,GB,300352
51.87967,-0.41748,PPLA2,Luton,GB,258018
51.53782,0.71433,PPLA2,Southend-on-Sea,GB,295310
55.15402,61.42915,PPLA,Chelyabinsk,RU,1062919
56.32867,44.00205,PPLA,Nizhniy Novgorod,RU,1284164
59.93863,30.31413,PPLA,Saint Petersburg,RU,5028000
56.01839,92.86717,PPLA,Krasnoyarsk,RU,927200
56.49771,84.97437,PPLA,Tomsk,RU,485519
55.0415,82.9346,PPLA,Novosibirsk,RU,1419007
55.75222,37.61556,PPLC,Moscow,RU,10381222
46.47747,30.73262,PPLA,Odessa,UA,1001558
49.55342,25.58918,PPLA,Ternopil,UA,235676
50.45466,30.5238,PPLC,Kyiv,UA,2797553
48.51134,34.6021,PPLA2,Kamianske,UA,248575
48.4593,35.03865,PPLA,Dnipro,UA,1032822
47.82289,35.19031,PPLA,Zaporizhia,UA,796217
49.83826,24.02324,PPLA,Lviv,UA,717803
47.90966,33.38044,PPLA2,Kryvyi Rih,UA,652380
48.9215,24.70972,PPLA,Ivano-Frankivsk,UA,204200
9.53795,-13.67729,PPLC,Conakry,GN,1767200
45.81444,15.97798,PPLC,Zagreb,HR,698966
45.32673,14.44241,PPLA,Rijeka,HR,141172
43.50891,16.43915,PPLA,Split,HR,176314
-6.21462,106.84513,PPLC,Jakarta,ID,8540121
13.68935,-89.18718,PPLC,San Salvador,SV,525990
37.95,58.38333,PPLC,Ashgabat,TM,727700
-33.86785,151.20732,PPLA,Sydney,AU,4627345
-32.92953,151.7801,PPLA2,Newcastle,AU,308308
-41.43876,147.13467,PPLA2,Launceston,AU,106153
-42.87936,147.32941,PPLA,Hobart,AU,216656
-12.46113,130.84185,PPLA,Darwin,AU,129062
-37.814,144.96332,PPLA,Melbourne,AU,4246375
-35.28346,149.12807,PPLC,Canberra,AU,367752
-34.92866,138.59863,PPLA,Adelaide,AU,1225235
-27.46794,153.02809,PPLA,Brisbane,AU,2189878
-31.95224,115.8614,PPLA,Perth,AU,1896548
-34.424,150.89345,PPLA2,Wollongong,AU,292190
48.78232,9.17702,PPLA,Stuttgart,DE,589793
51.96236,7.62571,PPLA2,Münster,DE,270184
50.93333,6.95,PPLA2,Köln,DE,963395
51.31667,9.5,PPLA2,Kassel,DE,194501
49.00937,8.40444,PPLA2,Karlsruhe,DE,283799
49.98419,8.2791,PPLA,Mainz,DE,184997
51.05089,13.73832,PPLA,Dresden,DE,486854
48.13743,11.57549,PPLA,Munich,DE,1260391
52.52437,13.41053,PPLC,Berlin,DE,3426354
51.22172,6.77616,PPLA,Düsseldorf,DE,573057
47.9959,7.85222,PPLA2,Freiburg,DE,215966
50.08258,8.24932,PPLA,Wiesbaden,DE,272432
52.37052,9.73322,PPLA,Hannover,DE,515140
48.37154,10.89851,PPLA2,Augsburg,DE,259196
49.87167,8.65027,PPLA2,Darmstadt,DE,140385
52.39886,13.06566,PPLA,Potsdam,DE,145292
53.55073,9.99302,PPLA,Hamburg,DE,1739117
28.09973,-15.41343,PPLA,Las Palmas de Gran Canaria,ES,381847
40.96882,-5.66388,PPLA2,Salamanca,ES,155619
41.38879,2.15899,PPLA,Barcelona,ES,1621537
43.31283,-1.97499,PPLA2,Donostia / San Sebastián,ES,185357
42.84998,-2.67268,PPLA,Gasteiz / Vitoria,ES,235661
37.89155,-4.77275,PPLA2,Córdoba,ES,328428
41.65518,-4.72372,PPLA,Valladolid,ES,317864
43.46472,-3.80444,PPLA,Santander,ES,182700
39.56939,2.65024,PPLA,Palma,ES,401270
36.72016,-4.42034,PPLA2,Málaga,ES,568305
41.65606,-0.87734,PPLA,Zaragoza,ES,674317
37.38283,-5.97317,PPLA,Sevilla,ES,703206
43.26271,-2.92528,PPLA2,Bilbao,ES,354860
42.81687,-1.64323,PPLA,Pamplona,ES,198491
39.98567,-0.04935,PPLA2,Castelló de la Plana,ES,180005
37.26638,-6.94004,PPLA2,Huelva,ES,148806
37.18817,-3.60667,PPLA2,Granada,ES,234325
40.4165,-3.70256,PPLC,Madrid,ES,3255944
39.46975,-0.37739,PPLA,Valencia,ES,814208
42.34106,-3.70184,PPLA2,Burgos,ES,178966
37.98704,-1.13004,PPLA,Murcia,ES,436870
28.46824,-16.25462,PPLA,Santa Cruz de Tenerife,ES,222417
43.36029,-5.84476,PPLA,Oviedo,ES,224005
47.90771,106.88324,PPLC,Ulan Bator,MN,844818
24.8608,67.0104,PPLA,Karachi,PK,11624219
34.008,71.57849,PPLA,Peshawar,PK,1218773
33.72148,73.04329,PPLC,Islamabad,PK,601600
31.558,74.35071,PPLA,Lahore,PK,6310888
-20.88231,55.4504,PPLC,Saint-Denis,RE,137195
-17.3895,-66.1568,PPLA,Cochabamba,BO,900414
43.25011,-79.84963,PPL,Hamilton,CA,519949
51.05011,-114.08529,PPL,Calgary,CA,1019942
49.8844,-97.14704,PPLA,Winnipeg,CA,632063
44.6464,-63.57291,PPLA,Halifax,CA,359111
43.42537,-80.5112,PPLA2,Kitchener,CA,233700
53.55014,-113.46871,PPLA,Edmonton,CA,712391
49.10635,-122.82509,PPL,Surrey,CA,394976
43.5789,-79.6583,PPL,Mississauga,CA,668549
46.81228,-71.21454,PPLA,Québec,CA,528595
49.24966,-123.11934,PPL,Vancouver,CA,600000
48.4359,-123.35155,PPLA,Victoria,CA,289625
45.50884,-73.58781,PPLA2,Montréal,CA,1600000
43.70011,-79.4163,PPLA,Toronto,CA,2600000
45.41117,-75.69812,PPLC,Ottawa,CA,812129
42.98339,-81.23304,PPL,London,CA,346765
40.64361,22.93086,PPLA,Thessaloníki,GR,354290
37.98376,23.72784,PPLC,Athens,GR,664046
51.1801,71.44598,PPLC,Nur-Sultan,KZ,345604
43.25667,76.92861,PPLA,Almaty,KZ,2000900
44.95,26.01667,PPLA,Ploieşti,RO,228851
44.31667,23.8,PPLA,Craiova,RO,304142
46.56718,26.91384,PPLA,Bacău,RO,171396
45.1,24.36667,PPLA,Râmnicu Vâlcea,RO,107558
45.8,24.15,PPLA,Sibiu,RO,151894
45.75372,21.22571,PPLA,Timişoara,RO,315053
44.85,24.86667,PPLA,Piteşti,RO,167669
46.18333,21.31667,PPLA,Arad,RO,169065
46.76667,23.6,PPLA,Cluj-Napoca,RO,316748
44.43225,26.10626,PPLC,Bucharest,RO,1877155
47.65729,23.56808,PPLA,Baia Mare,RO,136553
47.0458,21.91833,PPLA,Oradea,RO,206614
45.43687,28.05028,PPLA,Galaţi,RO,294087
45.64861,25.60613,PPLA,Braşov,RO,276088
47.16667,27.6,PPLA,Iaşi,RO,318012
44.18073,28.63432,PPLA,Constanţa,RO,303399
45.27152,27.97429,PPLA,Brăila,RO,213569
13.3622,100.98345,PPLA,Chon Buri,TH,219164
18.79038,98.98468,PPLA,Chiang Mai,TH,200952
13.8196,100.04427,PPLA,Nakhon Pathom,TH,117927
12.68095,101.25798,PPLA,Rayong,TH,106737
18.29232,99.49277,PPLA,Lampang,TH,156139
13.75398,100.50144,PPLC,Bangkok,TH,5104476
13.59934,100.59675,PPLA,Samut Prakan,TH,388920
38.53575,68.77905,PPLC,Dushanbe,TJ,679400
35.46756,-97.51643,PPLA,Oklahoma City,US,631346
35.7721,-78.63861,PPLA,Raleigh,US,451066
35.14953,-90.04898,PPLA2,Memphis,US,655770
32.29876,-90.18481,PPLA,Jackson,US,170674
42.35843,-71.05977,PPLA,Boston,US,667137
37.55376,-77.46026,PPLA,Richmond,US,220289
45.52345,-122.67621,PPLA2,Portland,US,632309
43.6135,-116.20345,PPLA,Boise,US,145987
30.26715,-97.74306,PPLA,Austin,US,931830
21.30694,-157.85833,PPLA,Honolulu,US,371657
36.74773,-119.77237,PPLA2,Fresno,US,520052
43.0389,-87.90647,PPLA2,Milwaukee,US,600155
34.00071,-81.03481,PPLA,Columbia,US,133803
41.76371,-72.68509,PPLA,Hartford,US,124006
38.89511,-77.03637,PPLC,"Washington, D.C.",US,601723
41.85003,-87.65005,PPLA2,Chicago,US,2720546
29.76328,-95.36327,PPLA2,Houston,US,2296224
39.76838,-86.15804,PPLA,Indianapolis,US,829718
33.749,-84.38798,PPLA,Atlanta,US,463878
35.22709,-80.84313,PPLA2,Charlotte,US,827097
38.58157,-121.4944,PPLA,Sacramento,US,490712
37.80437,-122.2708,PPLA2,Oakland,US,419267
41.82399,-71.41283,PPLA,Providence,US,179207
40.56233,-74.13986,PPLA2,Staten Island,US,468730
40.6501,-73.94958,PPLA2,Brooklyn,US,2300664
39.80172,-89.64371,PPLA,Springfield,US,116565
40.84985,-73.86641,PPLA2,The Bronx,US,1385108
37.33939,-121.89496,PPLA2,San Jose,US,1026908
34.05223,-118.24368,PPLA2,Los Angeles,US,3971883
42.33143,-83.04575,PPLA2,Detroit,US,677116
34.74648,-92.28959,PPLA,Little Rock,US,197992
39.29038,-76.61219,PPLA2,Baltimore,US,621849
33.44838,-112.07404,PPLA,Phoenix,US,1563025
41.25626,-95.94043,PPLA2,Omaha,US,443885
31.75872,-106.48693,PPLA2,El Paso,US,681124
32.78306,-96.80667,PPLA2,Dallas,US,1300092
47.60621,-122.33207,PPLA2,Seattle,US,684451
40.78343,-73.96625,PPLA2,Manhattan,US,1487536
25.77427,-80.19366,PPLA2,Miami,US,441003
30.33218,-81.65565,PPLA2,Jacksonville,US,868031
36.17497,-115.13722,PPLA2,Las Vegas,US,623747
29.42412,-98.49363,PPLA2,San Antonio,US,1469845
39.95233,-75.16379,PPLA2,Philadelphia,US,1567442
32.71571,-117.16472,PPLA2,San Diego,US,1394928
39.96118,-82.99879,PPLA,Columbus,US,850106
44.94441,-93.09327,PPLA,Saint Paul,US,285068
39.73915,-104.9847,PPLA,Denver,US,682545
40.76078,-111.89105,PPLA,Salt Lake City,US,192672
35.08449,-106.65114,PPLA2,Albuquerque,US,559121
37.77493,-122.41942,PPLA2,San Francisco,US,864816
44.9429,-123.0351,PPLA,Salem,US,164549
43.07305,-89.40123,PPLA,Madison,US,248951
36.16589,-86.78444,PPLA,Nashville,US,530852
32.22174,-110.92648,PPLA2,Tucson,US,531641
40.68149,-73.83652,PPLA2,Queens,US,2272771
30.43826,-84.28073,PPLA,Tallahassee,US,189907
32.72541,-97.32085,PPLA2,Fort Worth,US,833319
47.79941,13.04399,PPLA,Salzburg,AT,153377
48.30639,14.28611,PPLA,Linz,AT,204846
47.26266,11.39454,PPLA,Innsbruck,AT,132493
48.20849,16.37208,PPLC,Vienna,AT,1691468
47.06667,15.45,PPLA,Graz,AT,222326
9.93333,-84.08333,PPLC,San José,CR,335007
33.34058,44.40088,PPLC,Baghdad,IQ,7216000
41.69411,44.83368,PPLC,Tbilisi,GE,1049498
47.53167,21.62444,PPLA,Debrecen,HU,204124
47.68333,17.63512,PPLA,Győr,HU,128265
46.253,20.14824,PPLA,Szeged,HU,164883
46.0725,18.23083,PPLA,Pécs,HU,156649
46.90618,19.69128,PPLA,Kecskemét,HU,109847
48.10306,20.77806,PPLA,Miskolc,HU,172637
47.49835,19.04045,PPLC,Budapest,HU,1741041
59.32938,18.06871,PPLC,Stockholm,SE,1515017
57.70716,11.96679,PPLA,Göteborg,SE,572799
55.60587,13.00073,PPLA,Malmö,SE,301706
59.85882,17.63889,PPLA,Uppsala,SE,149245
4.60971,-74.08175,PPLC,Bogotá,CO,7674366
6.25184,-75.56359,PPLA,Medellín,CO,1999979
29.33278,48.02861,PPLA,Ḩawallī,KW,164212
3.8077,103.326,PPLA,Kuantan,MY,366229
4.39928,113.99163,PPL,Miri,MY,228212
5.41123,100.33543,PPLA,George Town,MY,300000
3.03667,101.44333,PPL,Klang,MY,879867
2.196,102.2405,PPLA,Malacca,MY,180671
4.85,100.73333,PPL,Taiping,MY,217647
6.12104,100.36014,PPLA,Alor Setar,MY,217368
6.12361,102.24333,PPLA,Kota Bharu,MY,1459994
1.55,110.33333,PPLA,Kuching,MY,570407
2.7297,101.9381,PPLA,Seremban,MY,372917
4.5841,101.0829,PPLA,Ipoh,MY,673318
1.4655,103.7578,PPLA,Johor Bahru,MY,802489
3.1412,101.68653,PPLC,Kuala Lumpur,MY,1453975
1.28967,103.85007,PPLC,Singapore,SG,3547809
23.7104,90.40744,PPLC,Dhaka,BD,10356500
64.13548,-21.89541,PPLC,Reykjavík,IS,118918
41.99646,21.43141,PPLC,Skopje,MK,474889
35.82194,127.14889,PPLA2,Jeonju,KR,711424
37.566,126.9784,PPLC,Seoul,KR,10349312
35.10168,129.03004,PPLA,Busan,KR,3678555
36.59245,127.29223,PPLA,Sejong,KR,230327
35.53722,129.31667,PPLA,Ulsan,KR,962865
34.76062,127.66215,PPLA2,Yeosu,KR,295538
35.15472,126.91556,PPLA,Gwangju,KR,1416938
37.43861,127.13778,PPL,Seongnam-si,KR,1031935
36.34913,127.38493,PPLA,Daejeon,KR,1475221
36.02917,129.36481,PPLA2,Pohang,KR,500000
35.22806,128.68111,PPLA,Changwon,KR,550000
37.29111,127.00889,PPLA,Suwon,KR,1242724
36.63722,127.48972,PPLA,Cheongju-si,KR,634596
37.87472,127.73417,PPLA,Chuncheon,KR,209746
35.87028,128.59111,PPLA,Daegu,KR,2566540
33.50972,126.52194,PPLA,Jeju City,KR,408364
37.45646,126.70515,PPLA,Incheon,KR,2628000
34.9505,127.48784,PPLA2,Suncheon,KR,230796
34.81282,126.39181,PPLA2,Mokpo,KR,268402
36.56636,128.72275,PPLA,Andong,KR,129319
22.7583,121.1444,PPLA2,Taitung City,TW,109584
24.1469,120.6839,PPLA2,Taichung,TW,1040725
24.99368,121.29696,PPLA2,Taoyuan City,TW,402014
25.04776,121.53185,PPLC,Taipei,TW,7871900
24.80361,120.96861,PPLA2,Hsinchu,TW,404109
25.12825,121.7419,PPLA2,Keelung,TW,397515
22.99083,120.21333,PPLA2,Tainan,TW,771235
23.70944,120.54333,PPLA2,Douliu,TW,104723
22.61626,120.31333,PPLA,Kaohsiung,TW,1519711
-34.17083,-70.74444,PPLA,Rancagua,CL,212695
-40.57395,-73.13348,PPLA2,Osorno,CL,135773
-37.46973,-72.35366,PPLA2,Los Ángeles,CL,125430
-36.60664,-72.10344,PPLA,Chillán,CL,150396
-22.45667,-68.92371,PPLA2,Calama,CL,143084
-41.4693,-72.94237,PPLA,Puerto Montt,CL,160054
-33.036,-71.62963,PPLA,Valparaíso,CL,282448
-33.04752,-71.44249,PPLA2,Quilpué,CL,130263
-33.45694,-70.64827,PPLC,Santiago,CL,4837295
-35.4264,-71.65542,PPLA,Talca,CL,197479
-36.82699,-73.04977,PPLA,Concepción,CL,215413
-38.73965,-72.59842,PPLA,Temuco,CL,238129
22.27832,114.17469,PPLC,Hong Kong,HK,7012738
42.87,74.59,PPLC,Bishkek,KG,900000
33.6,130.41667,PPLA,Fukuoka,JP,1392289
36.6,136.61667,PPLA,Kanazawa,JP,458937
32.80589,130.69181,PPLA,Kumamoto,JP,680423
39.71667,140.11667,PPLA,Akita,JP,320069
33.55,133.53333,PPLA,Kochi,JP,335570
35.42291,136.76039,PPLA,Gifu-shi,JP,397714
35.02107,135.75385,PPLA,Kyoto,JP,1459640
34.4,132.45,PPLA,Hiroshima,JP,1143841
34.98333,138.38333,PPLA,Shizuoka,JP,701561
35.6,140.11667,PPLA,Chiba,JP,919729
43.06667,141.35,PPLA,Sapporo,JP,1883027
35.43333,139.65,PPLA,Yokohama,JP,3574443
35.6895,139.69171,PPLC,Tokyo,JP,8336599
35.90807,139.65657,PPLA,Saitama,JP,1193350
26.21667,127.68333,PPLA,Naha,JP,300795
32.75,129.88333,PPLA,Nagasaki,JP,410204
36.7,137.21667,PPLA,Toyama,JP,325532
37.88637,139.00589,PPLA,Niigata,JP,505272
34.68505,135.80485,PPLA,Nara-shi,JP,367353
34.65,133.93333,PPLA,Okayama,JP,639652
38.26667,140.86667,PPLA,Sendai,JP,1063103
34.69374,135.50218,PPLA,Osaka,JP,2592413
31.91667,131.41667,PPLA,Miyazaki,JP,311203
33.83916,132.76574,PPLA,Matsuyama,JP,443322
34.23333,135.16667,PPLA,Wakayama,JP,351000
34.33333,134.05,PPLA,Takamatsu,JP,334223
35.18147,136.90641,PPLA,Nagoya,JP,2191279
33.23333,131.6,PPLA,Ōita,JP,448907
34.6913,135.183,PPLA,Kobe,JP,1528478
36.65,138.18333,PPLA,Nagano,JP,360176
36.56667,139.88333,PPLA,Utsunomiya,JP,449865
31.56667,130.55,PPLA,Kagoshima,JP,555352
16.80528,96.15611,PPLA,Yangon,MM,4477638
63.43049,10.39506,PPLA2,Trondheim,NO,147139
59.91273,10.74609,PPLC,Oslo,NO,580000
58.97005,5.73332,PPLA,Stavanger,NO,121610
60.39299,5.32415,PPLA,Bergen,NO,213585
-36.84853,174.76349,PPLA,Auckland,NZ,417910
-43.53333,172.63333,PPLA,Christchurch,NZ,363926
-41.28664,174.77557,PPLC,Wellington,NZ,381900
-45.87416,170.50361,PPLA,Dunedin,NZ,114347
-37.78333,175.28333,PPLA,Hamilton,NZ,152641
24.45118,54.39696,PPLC,Abu Dhabi,AE,603492
25.07725,55.30927,PPLA,Dubai,AE,2956587
-34.61315,-58.37723,PPLC,Buenos Aires,AR,13076300
42.69751,23.32415,PPLC,Sofia,BG,1152556
42.50606,27.46781,PPLA,Burgas,BG,195966
42.15,24.75,PPLA,Plovdiv,BG,340494
60.29414,25.04099,PPLA3,Vantaa,FI,190058
60.45148,22.26869,PPLA,Turku,FI,175945
65.01236,25.46816,PPLA,Oulu,FI,128618
60.16952,24.93545,PPLC,Helsinki,FI,558457
61.49911,23.78712,PPLA,Tampere,FI,202687
32.08088,34.78057,PPLA,Tel Aviv,IL,432892
32.81841,34.9885,PPLA,Haifa,IL,267300
31.76904,35.21633,PPLA,Jerusalem,IL,801000
31.79213,34.64966,PPL,Ashdod,IL,224656
32.33291,34.85992,PPL,Netanya,IL,171676
31.66926,34.57149,PPL,Ashkelon,IL,105995
32.08707,34.88747,PPL,Petaẖ Tiqwa,IL,200000
6.93548,79.84868,PPLC,Colombo,LK,648034
27.70169,85.3206,PPLC,Kathmandu,NP,1442271
28.26689,83.96851,PPLA,Pokhara,NP,200000
26.45505,87.27007,PPL,Biratnagar,NP,182324
18.46633,-66.10572,PPLC,San Juan,PR,418140
50.63373,5.56749,PPL,Liège,BE,182597
50.85045,4.34878,PPLC,Brussels,BE,1019022
50.41136,4.44448,PPL,Charleroi,BE,200132
51.05,3.71667,PPL,Gent,BE,231493
50.4669,4.86746,PPLA,Namur,BE,106284
51.22047,4.40026,PPL,Antwerpen,BE,459805
5.35444,-4.00167,PPLA,Abidjan,CI,3677115
50.08804,14.42076,PPLC,Prague,CZ,1165581
49.83465,18.28204,PPLA,Ostrava,CZ,313088
49.19522,16.60796,PPLA,Brno,CZ,369559
49.74747,13.37759,PPLA,Pilsen,CZ,164180
49.59552,17.25175,PPLA,Olomouc,CZ,101268
39.77667,30.52056,PPLA,Eskişehir,TR,514869
40.76499,29.92928,PPLA,İzmit,TR,196571
40.19559,29.06013,PPLA,Bursa,TR,1412701
39.91987,32.85427,PPLC,Ankara,TR,3517182
36.98615,35.32531,PPLA,Adana,TR,1248988
38.73222,35.48528,PPLA,Kayseri,TR,592840
39.42417,29.98333,PPLA,Kütahya,TR,185008
39.64917,27.88611,PPLA,Balıkesir,TR,238151
40.78056,30.40333,PPLA,Adapazarı,TR,286787
41.005,39.72694,PPLA,Trabzon,TR,244083
36.20655,36.15722,PPLA,Antakya,TR,210000
41.27976,36.3361,PPLA,Samsun,TR,394050
38.41273,27.13838,PPLA,İzmir,TR,2500603
37.87135,32.48464,PPLA,Konya,TR,875530
39.74833,37.01611,PPLA,Sivas,TR,264022
41.01384,28.94966,PPLA,Istanbul,TR,14804116
37.77417,29.0875,PPLA,Denizli,TR,313238
39.90861,41.27694,PPLA,Erzurum,TR,420691
41.26465,69.21627,PPLC,Tashkent,UZ,1978028
35.17531,33.3642,PPLC,Nicosia,CY,200452
34.68406,33.03794,PPLA,Limassol,CY,154000
44.49381,11.33875,PPLA,Bologna,IT,366133
43.54427,10.32615,PPLA2,Livorno,IT,153773
45.64953,13.77678,PPLA,Trieste,IT,187056
44.64783,10.92539,PPLA2,Modena,IT,158886
43.8805,11.09699,PPLA2,Prato,IT,181820
43.77925,11.24626,PPLA,Florence,IT,349296
40.85216,14.26811,PPLA,Naples,IT,959470
41.89193,12.51133,PPLC,Rome,IT,2318895
45.07049,7.68682,PPLA,Turin,IT,870456
45.46427,9.18951,PPLA,Milan,IT,1236837
45.53558,10.21472,PPLA2,Brescia,IT,184826
44.79935,10.32618,PPLA2,Parma,IT,146299
0.31628,32.58219,PPLC,Kampala,UG,1353189
10.51667,76.21667,PPLA2,Thrissur,IN,325110
28.63576,77.22445,PPLC,New Delhi,IN,317797
17.38405,78.45636,PPLA,Hyderabad,IN,3597816
28.65195,77.23149,PPLA,Delhi,IN,10927986
30.73629,76.7884,PPLA,Chandigarh,IN,960787
23.25469,77.40289,PPLA,Bhopal,IN,1599914
21.14631,79.08491,PPLA2,Nagpur,IN,2228018
26.83928,80.92313,PPLA,Lucknow,IN,2472011
28.66535,77.43915,PPLA2,Ghāziābād,IN,1199191
28.72985,77.78068,PPLA2,Hāpur,IN,242920
23.21667,72.68333,PPLA,Gandhinagar,IN,195985
13.08784,80.27847,PPLA,Chennai,IN,4328063
19.99727,73.79096,PPLA2,Nashik,IN,1289497
12.29791,76.63925,PPLA2,Mysore,IN,868313
17.68009,83.20161,PPLA2,Visakhapatnam,IN,1063178
19.07283,72.88261,PPLA,Mumbai,IN,12691836
26.91962,75.78781,PPLA,Jaipur,IN,2711758
25.59408,85.13563,PPLA,Patna,IN,1599920
29.47091,77.70332,PPLA2,Muzaffarnagar,IN,349706
8.4855,76.94924,PPLA,Thiruvananthapuram,IN,784153
12.97194,77.59369,PPLA,Bengaluru,IN,5104047
25.56892,91.88313,PPLA,Shillong,IN,132842
22.56263,88.36304,PPLA,Kolkata,IN,4631392
12.65,-8.0,PPLC,Bamako,ML,1297281
43.84864,18.35644,PPLC,Sarajevo,BA,696731
44.20169,17.90397,PPLA2,Zenica,BA,164423
44.53842,18.66709,PPLA2,Tuzla,BA,142486
-23.17944,-45.88694,PPLA2,São José dos Campos,BR,613764
-20.31944,-40.33778,PPLA,Vitória,BR,312656
-23.5475,-46.63611,PPLA,São Paulo,BR,10021295
59.43696,24.75353,PPLC,Tallinn,EE,394024
17.96667,102.6,PPLC,Vientiane,LA,196731
22.20056,113.54611,PPLC,Macau,MO,520400
16.41639,120.59306,PPLA,Baguio,PH,272714
14.6042,120.9822,PPLC,Manila,PH,1600000
8.94917,125.54361,PPLA,Butuan,PH,309709
6.91028,122.07389,PPLA2,Zamboanga,PH,457623
48.71395,21.25808,PPLA,Košice,SK,236563
48.14816,17.10674,PPLC,Bratislava,SK,423737
-0.22985,-78.52495,PPLC,Quito,EC,1399814
53.33306,-6.24889,PPLC,Dublin,IE,1024027
31.95522,35.94503,PPLC,Amman,JO,1275857
32.55556,35.85,PPLA,Irbid,JO,307480
32.07275,36.08796,PPLA,Zarqa,JO,792665
55.67594,12.56553,PPLC,Copenhagen,DK,1153615
9.02497,38.74689,PPLC,Addis Ababa,ET,2757729
54.90272,23.90961,PPLA,Kaunas,LT,374643
-12.04318,-77.02824,PPLC,Lima,PE,7737002
51.77058,19.47395,PPLA,Łódź,PL,768755
50.01381,20.98698,PPLA2,Tarnów,PL,117799
54.35227,18.64912,PPLA,Gdańsk,PL,461865
50.25841,19.02754,PPLA,Katowice,PL,317316
52.40692,16.92993,PPLA,Poznań,PL,570352
50.09713,18.54179,PPLA2,Rybnik,PL,142510
53.42894,14.55302,PPLA,Szczecin,PL,407811
50.87033,20.62752,PPLA,Kielce,PL,208598
52.22977,21.01178,PPLC,Warsaw,PL,1702139
53.1235,18.00762,PPLA,Bydgoszcz,PL,366452
50.32492,18.78576,PPLA2,Zabrze,PL,192177
51.1,17.03333,PPLA,Wrocław,PL,634893
52.54682,19.70638,PPLA2,Płock,PL,127474
50.06143,19.93658,PPLA,Kraków,PL,755050
34.52813,69.17233,PPLC,Kabul,AF,3043532
26.22787,50.58565,PPLC,Manama,BH,147074
39.9075,116.39723,PPLC,Beijing,CN,11716620
23.5418,116.36581,PPLA2,Jieyang,CN,1001985
25.03889,102.71833,PPLA,Kunming,CN,3855346
30.29365,120.16142,PPLA,Hangzhou,CN,6241971
29.56278,106.55278,PPLA,Chongqing,CN,7457600
36.06488,120.38042,PPLA2,Qingdao,CN,3718835
20.04583,110.34167,PPLA,Haikou,CN,615835
43.80096,87.60046,PPLA,Ürümqi,CN,3029372
47.34088,123.96045,PPLA2,Qiqihar,CN,882364
26.58333,106.71667,PPLA,Guiyang,CN,1171633
22.54554,114.0683,PPLA2,Shenzhen,CN,10358381
22.92833,112.03954,PPLA2,Yunfu,CN,2612800
34.03189,113.86299,PPLA2,Xuchang,CN,1265536
38.46806,106.27306,PPLA,Yinchuan,CN,475101
41.79222,123.43278,PPLA,Shenyang,CN,6255921
29.65,91.1,PPLA,Lhasa,CN,118721
31.22222,121.45806,PPLA,Shanghai,CN,22315474
43.88,125.32278,PPLA,Changchun,CN,4193073
23.02677,113.13148,PPLA2,Foshan,CN,3600000
22.81667,108.31667,PPLA,Nanning,CN,803788
41.88669,123.94363,PPLA2,Fushun,CN,1400646
31.86389,117.28083,PPLA,Hefei,CN,3310268
30.66667,104.06667,PPLA,Chengdu,CN,7415590
40.81056,111.65222,PPLA,Hohhot,CN,774477
39.93167,119.58833,PPLA2,Qinhuangdao,CN,759718
38.04139,114.47861,PPLA,Shijiazhuang,CN,2834942
23.36814,116.71479,PPLA2,Shantou,CN,5329024
34.75778,113.64861,PPLA,Zhengzhou,CN,4253913
32.06167,118.77778,PPLA,Nanjing,CN,7165292
36.62554,101.75739,PPLA,Xining,CN,767531
34.25833,108.92861,PPLA,Xi’an,CN,6501190
27.83333,113.15,PPLA2,Zhuzhou,CN,709358
30.58333,114.26667,PPLA,Wuhan,CN,9785388
39.14222,117.17667,PPLA,Tianjin,CN,11090314
31.77359,119.95401,PPLA2,Changzhou,CN,949018
28.68396,115.85306,PPLA,Nanchang,CN,2357839
32.6475,110.77806,PPLA2,Shiyan,CN,3460000
35.19033,113.80151,PPLA2,Xinxiang,CN,743601
31.30408,120.59538,PPLA2,Suzhou,CN,5345961
45.75,126.65,PPLA,Harbin,CN,5878939
36.05701,103.83987,PPLA,Lanzhou,CN,2628426
36.66833,116.99722,PPLA,Jinan,CN,4335989
28.19874,112.97087,PPLA,Changsha,CN,3093980
47.35118,130.30012,PPLA2,Hegang,CN,743307
36.096,114.38278,PPLA2,Anyang,CN,781129
31.56887,120.28857,PPLA2,Wuxi,CN,3543719
37.86944,112.56028,PPLA,Taiyuan,CN,3426519
23.11667,113.25,PPLA,Guangzhou,CN,11071424
26.06139,119.30611,PPLA,Fuzhou,CN,1179720
29.87819,121.54945,PPLA2,Ningbo,CN,3491597
24.47979,118.08187,PPLA2,Xiamen,CN,3531347
23.01797,113.74866,PPLA2,Dongguan,CN,8000000
24.68773,46.72185,PPLC,Riyadh,SA,4205961
21.49012,39.18624,PPL,Jeddah,SA,2867446
18.21639,42.50528,PPLA,Abha,SA,210886
26.43442,50.10326,PPLA,Dammam,SA,768602
27.52188,41.69073,PPLA,Ha'il,SA,267005
26.32599,43.97497,PPLA,Buraydah,SA,391336
21.42664,39.82563,PPLA,Mecca,SA,1323624
42.67272,21.16688,PPLC,Pristina,XK,550000
